order_item_id,order_id,order_date,customer_id,product_id,quantity,unit_price,channel
1,1288,2026-06-01,31.0,33.0,10,376.48,store
2,906,2026-06-01,75.0,46.0,2,119.72,store
3,239,2026-06-01,84.0,20.0,8,474.12,mobile
4,146,2026-06-01,49.0,29.0,4,812.32,mobile
5,758,2026-06-01,46.0,50.0,8,341.43,mobile
6,1297,2026-06-01,95.0,31.0,1,24.87,web
7,249,2026-06-01,94.0,45.0,7,476.21,web
8,759,2026-06-01,3.0,14.0,5,39.74,web
9,1096,2026-06-01,27.0,46.0,3,114.76,store
10,1556,2026-06-01,90.0,49.0,7,44.99,mobile
11,639,2026-06-01,88.0,24.0,10,487.68,mobile
12,1247,2026-06-01,10.0,17.0,5,511.98,mobile
13,242,2026-06-01,32.0,12.0,9,561.84,mobile
14,86,2026-06-01,8.0,12.0,6,560.56,mobile
15,1215,2026-06-01,92.0,26.0,7,33.4,store
16,830,2026-06-01,22.0,50.0,4,318.15,mobile
17,869,2026-06-01,55.0,1.0,2,97.93,mobile
18,1097,2026-06-01,58.0,50.0,3,339.0,store
19,965,2026-06-01,16.0,37.0,6,478.58,store
20,1499,2026-06-01,51.0,3.0,5,251.79,store
21,115,2026-06-01,80.0,42.0,7,414.34,web
22,1581,2026-06-01,27.0,16.0,2,12.77,store
23,880,2026-06-01,96.0,1.0,8,110.37,store
24,412,2026-06-01,29.0,8.0,6,154.75,mobile
25,145,2026-06-01,55.0,26.0,5,40.94,mobile
26,1418,2026-06-01,13.0,43.0,6,389.66,web
27,649,2026-06-01,78.0,14.0,3,42.74,store
28,1354,2026-06-01,1.0,43.0,6,454.02,mobile
29,779,2026-06-01,55.0,15.0,6,99.4,store
30,1009,2026-06-01,82.0,15.0,10,98.11,mobile
31,54,2026-06-01,35.0,13.0,6,462.54,web
32,716,2026-06-01,6.0,9.0,1,522.02,mobile
33,672,2026-06-01,45.0,42.0,4,376.79,mobile
34,194,2026-06-01,34.0,28.0,8,595.75,web
35,658,2026-06-01,6.0,25.0,10,505.29,store
36,607,2026-06-01,71.0,34.0,1,294.55,mobile
37,889,2026-06-01,84.0,37.0,1,553.92,store
38,1482,2026-06-01,6.0,6.0,1,399.99,web
39,1448,2026-06-01,36.0,40.0,9,101.62,store
40,201,2026-06-01,58.0,9.0,2,509.3,store
41,1491,2026-06-01,83.0,36.0,2,63.82,mobile
42,229,2026-06-01,21.0,23.0,1,375.48,web
43,1111,2026-06-01,15.0,31.0,1,27.16,mobile
44,769,2026-06-01,3.0,45.0,6,408.32,web
45,1526,2026-06-01,11.0,22.0,10,66.37,store
46,314,2026-06-01,41.0,37.0,3,500.67,web
47,804,2026-06-01,51.0,22.0,9,56.0,mobile
48,439,2026-06-01,64.0,48.0,7,500.18,mobile
49,1484,2026-06-01,78.0,25.0,1,502.53,web
50,1028,2026-06-01,7.0,15.0,10,110.73,mobile
51,393,2026-06-01,77.0,43.0,2,404.54,web
52,1193,2026-06-01,92.0,45.0,6,496.04,store
53,1264,2026-06-01,40.0,50.0,1,319.82,store
54,1117,2026-06-01,63.0,2.0,1,322.65,store
55,483,2026-06-01,35.0,19.0,8,472.5,web
56,1622,2026-06-01,4.0,18.0,8,12.07,mobile
57,1586,2026-06-01,67.0,6.0,6,374.37,mobile
58,977,2026-06-01,52.0,37.0,2,460.41,mobile
59,482,2026-06-01,100.0,40.0,6,102.72,store
60,1219,2026-06-01,26.0,49.0,4,46.28,store
61,723,2026-06-01,57.0,41.0,4,395.3,mobile
62,1265,2026-06-01,58.0,18.0,6,11.33,web
63,579,2026-06-01,17.0,39.0,7,460.11,mobile
64,641,2026-06-01,15.0,9.0,9,487.35,mobile
65,903,2026-06-01,82.0,24.0,1,521.08,store
66,691,2026-06-01,89.0,2.0,1,324.45,web
67,131,2026-06-01,43.0,20.0,3,418.75,mobile
68,1574,2026-06-01,34.0,46.0,4,130.52,store
69,1579,2026-06-01,7.0,38.0,6,326.75,mobile
70,247,2026-06-01,62.0,12.0,9,528.53,web
71,1463,2026-06-01,45.0,48.0,2,487.78,mobile
72,100,2026-06-01,20.0,34.0,9,278.16,store
73,1097,2026-06-01,78.0,44.0,4,461.61,web
74,828,2026-06-01,73.0,30.0,1,359.94,mobile
75,528,2026-06-01,21.0,4.0,2,690.34,web
76,935,2026-06-01,66.0,17.0,3,468.79,store
77,728,2026-06-01,54.0,15.0,9,104.93,store
78,1533,2026-06-01,55.0,6.0,3,430.28,store
79,1519,2026-06-01,18.0,15.0,5,106.67,mobile
80,53,2026-06-01,55.0,24.0,3,484.45,store
81,1529,2026-06-01,72.0,13.0,6,468.94,web
82,1238,2026-06-01,83.0,42.0,5,344.01,mobile
83,102,2026-06-01,93.0,25.0,8,524.05,web
84,207,2026-06-01,41.0,23.0,10,382.05,store
85,859,2026-06-01,81.0,36.0,2,63.24,web
86,1201,2026-06-01,34.0,28.0,9,618.53,web
87,471,2026-06-01,39.0,33.0,7,356.0,web
88,1304,2026-06-01,62.0,23.0,6,413.46,web
89,399,2026-06-01,57.0,26.0,7,37.77,mobile
90,53,2026-06-01,72.0,5.0,6,453.38,web
91,1076,2026-06-01,59.0,33.0,4,413.37,mobile
92,1593,2026-06-01,51.0,23.0,1,0.0,web
93,1475,2026-06-01,67.0,12.0,3,546.3,mobile
94,671,2026-06-01,5.0,29.0,10,681.92,store
95,74,2026-06-01,2.0,15.0,5,89.6,mobile
96,996,2026-06-01,56.0,43.0,1,370.98,store
97,527,2026-06-01,53.0,43.0,3,440.14,mobile
98,1518,2026-06-01,45.0,49.0,1,53.25,store
99,566,2026-06-01,93.0,11.0,10,253.77,web
100,1100,2026-06-01,94.0,6.0,9,388.11,store
101,724,2026-06-01,91.0,1.0,8,106.82,web
102,1634,2026-06-01,74.0,23.0,8,442.74,web
103,1536,2026-06-01,48.0,44.0,5,433.54,web
104,1481,2026-06-01,53.0,42.0,2,397.93,store
105,788,2026-06-01,67.0,5.0,6,468.76,mobile
106,307,2026-06-01,26.0,3.0,5,237.53,mobile
107,1604,2026-06-01,97.0,1.0,10,97.4,mobile
108,475,2026-06-01,74.0,50.0,2,355.08,store
109,1629,2026-06-01,87.0,3.0,1,227.83,mobile
110,25,2026-06-01,45.0,30.0,8,328.93,mobile
111,12,2026-06-01,97.0,35.0,3,464.59,store
112,1463,2026-06-01,34.0,33.0,4,459.36,mobile
113,531,2026-06-01,32.0,31.0,5,23.18,web
114,100,2026-06-01,84.0,15.0,3,112.38,mobile
115,1418,2026-06-01,79.0,12.0,7,461.32,store
116,31,2026-06-01,51.0,11.0,8,258.12,store
117,98,2026-06-01,68.0,28.0,6,626.64,store
118,772,2026-06-01,90.0,36.0,4,63.27,web
119,1456,2026-06-01,86.0,19.0,4,501.91,web
120,858,2026-06-01,77.0,19.0,6,434.77,mobile
121,1405,2026-06-01,98.0,37.0,8,501.12,store
122,266,2026-06-01,37.0,35.0,4,592.49,mobile
123,861,2026-06-01,87.0,13.0,1,529.09,web
124,205,2026-06-01,42.0,25.0,7,451.87,web
125,1008,2026-06-01,33.0,16.0,2,11.24,store
126,1070,2026-06-01,48.0,36.0,9,62.28,store
127,865,2026-06-01,42.0,29.0,6,660.68,mobile
128,165,2026-06-01,13.0,6.0,4,357.01,store
129,532,2026-06-01,24.0,37.0,2,562.86,store
130,1572,2026-06-01,27.0,43.0,9,419.41,mobile
131,1376,2026-06-01,100.0,49.0,6,47.64,web
132,757,2026-06-01,69.0,48.0,8,411.08,store
133,499,2026-06-01,31.0,1.0,6,100.79,store
134,1489,2026-06-01,94.0,50.0,10,316.23,mobile
135,1314,2026-06-01,26.0,15.0,8,89.11,store
136,1268,2026-06-01,37.0,3.0,9,264.46,store
137,253,2026-06-01,28.0,14.0,7,39.99,store
138,408,2026-06-01,80.0,47.0,10,425.58,web
139,461,2026-06-01,20.0,7.0,8,65.12,store
140,637,2026-06-01,3.0,9.0,6,412.76,mobile
141,1350,2026-06-01,5.0,45.0,10,459.32,store
142,1256,2026-06-01,3.0,35.0,6,537.84,store
143,1159,2026-06-01,25.0,39.0,8,518.15,web
144,889,2026-06-01,40.0,39.0,4,433.13,web
145,655,2026-06-01,46.0,47.0,3,357.87,mobile
146,989,2026-06-01,23.0,13.0,1,469.41,mobile
147,807,2026-06-01,57.0,19.0,6,564.05,store
148,1304,2026-06-01,29.0,50.0,1,355.03,mobile
149,1335,2026-06-01,69.0,5.0,9,472.82,web
150,1611,2026-06-01,51.0,50.0,4,312.41,mobile
151,1242,2026-06-01,95.0,2.0,7,322.77,mobile
152,287,2026-06-01,44.0,25.0,1,505.93,web
153,1408,2026-06-01,41.0,16.0,7,10.06,store
154,356,2026-06-01,25.0,44.0,5,414.45,mobile
155,1042,2026-06-01,31.0,22.0,7,61.05,mobile
156,1487,2026-06-01,11.0,39.0,2,510.12,mobile
157,1170,2026-06-01,100.0,43.0,3,-57.4,mobile
158,1626,2026-06-01,28.0,22.0,8,52.99,web
159,1031,2026-06-01,27.0,50.0,7,324.67,store
160,882,2026-06-01,20.0,15.0,5,92.63,mobile
161,1122,2026-06-01,51.0,9.0,10,457.08,mobile
162,407,2026-06-01,83.0,19.0,10,560.31,store
163,401,2026-06-01,100.0,26.0,6,41.31,mobile
164,310,2026-06-01,92.0,31.0,3,22.87,store
165,1490,2026-06-01,74.0,47.0,4,444.91,web
166,266,2026-06-01,58.0,8.0,8,147.33,store
167,959,2026-06-01,40.0,39.0,2,552.74,store
168,755,2026-06-01,37.0,34.0,2,342.98,mobile
169,1246,2026-06-01,20.0,28.0,9,541.9,store
170,480,2026-06-01,39.0,42.0,4,331.31,mobile
171,4,2026-06-01,59.0,5.0,10,446.79,store
172,294,2026-06-01,93.0,19.0,5,518.01,mobile
173,612,2026-06-01,5.0,24.0,6,488.6,mobile
174,960,2026-06-01,25.0,33.0,2,360.41,mobile
175,1495,2026-06-01,58.0,33.0,6,424.28,store
176,725,2026-06-01,14.0,41.0,5,393.49,web
177,391,2026-06-01,5.0,2.0,4,346.63,store
178,796,2026-06-01,84.0,45.0,2,478.9,store
179,1131,2026-06-01,16.0,50.0,1,393.37,web
180,184,2026-06-01,79.0,23.0,8,411.0,web
181,315,2026-06-01,16.0,17.0,6,458.57,mobile
182,698,2026-06-01,3.0,30.0,1,403.4,store
183,681,2026-06-01,78.0,25.0,10,452.09,mobile
184,983,2026-06-01,57.0,29.0,6,783.16,mobile
185,548,2026-06-01,40.0,38.0,-1,326.09,store
186,895,2026-06-01,95.0,6.0,2,407.1,store
187,369,2026-06-01,38.0,47.0,10,350.14,store
188,41,2026-06-01,84.0,20.0,9,406.1,mobile
189,71,2026-06-01,65.0,3.0,8,273.94,store
190,1498,2026-06-01,34.0,21.0,10,165.41,web
191,1496,2026-06-01,41.0,33.0,5,458.5,store
192,386,2026-06-01,30.0,16.0,2,11.15,mobile
193,567,2026-06-01,37.0,39.0,2,528.63,store
194,120,2026-06-01,22.0,14.0,7,40.57,web
195,570,2026-06-01,60.0,47.0,9,419.19,mobile
196,1443,2026-06-01,44.0,45.0,10,468.27,mobile
197,826,2026-06-01,23.0,28.0,4,530.82,web
198,728,2026-06-01,100.0,23.0,8,359.7,store
199,436,2026-06-01,51.0,24.0,7,524.05,mobile
200,138,2026-06-01,5.0,29.0,1,668.39,store
201,420,2026-06-01,70.0,9.0,7,504.32,web
202,563,2026-06-01,28.0,39.0,7,507.31,web
203,875,2026-06-01,71.0,29.0,-10,773.94,web
204,1014,2026-06-01,33.0,5.0,1,445.0,mobile
205,1650,2026-06-01,24.0,34.0,9,296.24,store
206,200,2026-06-01,19.0,17.0,8,473.54,store
207,6,2026-06-01,10.0,42.0,10,317.02,store
208,1406,2026-06-01,95.0,17.0,1,441.55,store
209,1569,2026-06-01,68.0,46.0,6,129.42,web
210,898,2026-06-01,,37.0,3,538.1,web
211,1410,2026-06-01,57.0,25.0,7,497.98,store
212,1131,2026-06-01,84.0,1.0,3,98.6,store
213,1311,2026-06-01,55.0,31.0,9,28.18,mobile
214,238,2026-06-01,56.0,3.0,2,257.85,mobile
215,12,2026-06-01,61.0,8.0,5,161.73,mobile
216,1600,2026-06-01,55.0,35.0,7,508.25,web
217,577,2026-06-01,68.0,,6,25.9,web
218,807,2026-06-01,91.0,46.0,10,127.46,web
219,129,2026-06-01,51.0,39.0,7,551.0,mobile
220,1244,2026-06-01,82.0,40.0,6,106.5,store
221,1358,2026-06-01,36.0,47.0,2,368.13,store
222,1329,2026-06-01,87.0,27.0,10,487.67,store
223,1036,2026-06-01,77.0,31.0,8,27.8,web
224,1423,2026-06-01,82.0,2.0,6,324.3,mobile
225,167,2026-06-01,100.0,50.0,7,401.08,mobile
226,357,2026-06-01,92.0,5.0,9,515.69,web
227,271,2026-06-01,92.0,33.0,2,366.36,store
228,298,2026-06-01,66.0,27.0,4,494.41,store
229,832,2026-06-01,86.0,29.0,10,777.02,store
230,105,2026-06-01,16.0,37.0,5,566.91,mobile
231,1073,2026-06-01,10.0,50.0,8,323.39,web
232,517,2026-06-01,43.0,35.0,5,475.72,web
233,971,2026-06-01,87.0,45.0,1,408.58,mobile
234,697,2026-06-01,89.0,36.0,2,67.48,web
235,84,2026-06-01,14.0,19.0,4,555.24,web
236,1396,2026-06-01,67.0,37.0,8,542.75,mobile
237,1181,2026-06-01,78.0,47.0,3,382.05,mobile
238,164,2026-06-01,46.0,40.0,8,101.87,store
239,108,2026-06-01,52.0,36.0,7,57.67,store
240,1368,2026-06-01,38.0,10.0,7,477.55,mobile
241,909,2026-06-01,73.0,32.0,1,185.3,web
242,404,2026-06-01,37.0,16.0,10,12.6,mobile
243,946,2026-06-01,39.0,48.0,3,508.98,mobile
244,304,2026-06-01,97.0,26.0,5,34.51,mobile
245,851,2026-06-01,38.0,1.0,9,86.55,web
246,283,2026-06-01,76.0,6.0,4,405.35,mobile
247,596,2026-06-01,67.0,49.0,10,55.66,mobile
248,483,2026-06-01,29.0,23.0,10,366.17,web
249,310,2026-06-01,79.0,34.0,7,290.06,store
250,767,2026-06-01,62.0,32.0,5,187.55,store
251,291,2026-06-01,68.0,14.0,9,46.1,store
252,1539,2026-06-01,13.0,49.0,5,44.61,store
253,1230,2026-06-01,67.0,45.0,6,432.08,mobile
254,152,2026-06-01,,6.0,10,455.52,store
255,369,2026-06-01,48.0,4.0,4,694.65,mobile
256,116,2026-06-01,25.0,5.0,3,452.62,mobile
257,490,2026-06-01,32.0,11.0,7,258.11,mobile
258,825,2026-06-01,59.0,16.0,5,11.35,mobile
259,1539,2026-06-01,97.0,15.0,6,106.73,mobile
260,36,2026-06-01,66.0,41.0,4,373.0,web
261,1414,2026-06-01,99.0,16.0,6,12.53,store
262,1665,2026-06-01,26.0,27.0,4,500.35,store
263,622,2026-06-01,59.0,21.0,4,138.82,web
264,321,2026-06-01,86.0,24.0,6,577.72,mobile
265,729,2026-06-01,44.0,25.0,1,474.32,store
266,247,2026-06-01,79.0,29.0,8,683.18,mobile
267,856,2026-06-01,21.0,46.0,5,138.61,web
268,1008,2026-06-01,19.0,30.0,2,409.53,mobile
269,766,2026-06-01,73.0,25.0,2,459.96,mobile
270,1000,2026-06-01,75.0,47.0,4,371.1,mobile
271,1602,2026-06-01,44.0,40.0,6,99.04,store
272,507,2026-06-01,77.0,27.0,10,616.05,web
273,1456,2026-06-01,22.0,38.0,7,277.72,mobile
274,1091,2026-06-01,88.0,7.0,5,70.22,web
275,1102,2026-06-01,11.0,23.0,6,367.23,mobile
276,1318,2026-06-01,47.0,45.0,9,445.15,web
277,403,2026-06-01,87.0,8.0,6,181.83,web
278,1153,2026-06-01,87.0,12.0,6,458.78,mobile
279,132,2026-06-01,16.0,43.0,6,363.51,mobile
280,801,2026-06-01,37.0,28.0,5,501.78,store
281,763,2026-06-01,38.0,36.0,6,62.63,store
282,417,2026-06-01,65.0,10.0,4,484.95,mobile
283,789,2026-06-01,95.0,16.0,2,11.79,web
284,475,2026-06-01,95.0,,9,389.34,store
285,178,2026-06-01,66.0,35.0,1,486.7,mobile
286,110,2026-06-01,44.0,47.0,9,360.38,mobile
287,265,2026-06-01,20.0,24.0,3,487.9,store
288,1553,2026-06-01,94.0,1.0,9,89.67,store
289,1304,2026-06-01,31.0,43.0,5,410.93,web
290,138,2026-06-01,75.0,25.0,8,535.91,store
291,1321,2026-06-01,34.0,13.0,10,410.61,mobile
292,857,2026-06-01,6.0,41.0,8,446.13,store
293,646,2026-06-01,62.0,48.0,1,437.45,mobile
294,1526,2026-06-01,95.0,37.0,1,479.91,store
295,193,2026-06-01,39.0,25.0,9,547.37,web
296,272,2026-06-01,83.0,42.0,6,388.36,web
297,656,2026-06-01,13.0,30.0,7,335.07,web
298,1501,2026-06-01,58.0,6.0,1,435.66,mobile
299,1496,2026-06-01,82.0,37.0,1,514.92,mobile
300,1309,2026-06-01,68.0,11.0,1,247.27,web
301,1265,2026-06-01,59.0,37.0,2,484.26,store
302,753,2026-06-01,4.0,25.0,2,490.56,web
303,1179,2026-06-01,83.0,50.0,8,384.09,store
304,224,2026-06-01,53.0,11.0,2,274.67,web
305,1597,2026-06-01,59.0,45.0,7,419.94,web
306,1489,2026-06-01,49.0,15.0,3,100.74,store
307,1341,2026-06-01,15.0,40.0,2,118.07,mobile
308,123,2026-06-01,11.0,12.0,4,481.18,store
309,384,2026-06-01,37.0,33.0,5,390.65,web
310,1496,2026-06-01,26.0,15.0,4,88.04,web
311,1398,2026-06-01,87.0,37.0,9,558.54,mobile
312,461,2026-06-01,95.0,15.0,2,109.63,mobile
313,1406,2026-06-01,35.0,41.0,10,435.1,mobile
314,919,2026-06-01,45.0,25.0,8,536.16,store
315,133,2026-06-01,70.0,14.0,10,42.9,web
316,1125,2026-06-01,36.0,22.0,3,52.76,web
317,327,2026-06-01,75.0,47.0,8,361.04,web
318,395,2026-06-01,10.0,9.0,6,0.0,mobile
319,110,2026-06-01,7.0,15.0,9,89.35,store
320,851,2026-06-01,84.0,41.0,5,365.84,store
321,1189,2026-06-01,70.0,48.0,2,431.91,mobile
322,704,2026-06-01,95.0,24.0,6,528.81,store
323,127,2026-06-01,42.0,30.0,4,338.74,store
324,205,2026-06-01,27.0,16.0,9,11.03,mobile
325,1479,2026-06-01,22.0,25.0,10,479.3,store
326,800,2026-06-01,11.0,44.0,2,472.83,mobile
327,471,2026-06-01,69.0,9.0,6,0.0,web
328,133,2026-06-01,57.0,49.0,10,46.12,web
329,174,2026-06-01,25.0,7.0,3,63.79,mobile
330,1653,2026-06-01,42.0,24.0,8,497.97,web
331,158,2026-06-01,81.0,16.0,6,12.46,store
332,420,2026-06-01,87.0,22.0,8,67.05,mobile
333,1553,2026-06-01,14.0,14.0,3,42.77,web
334,636,2026-06-01,86.0,5.0,3,449.41,mobile
335,61,2026-06-01,47.0,33.0,4,440.18,mobile
336,95,2026-06-01,63.0,5.0,3,436.53,mobile
337,261,2026-06-01,83.0,2.0,6,329.9,store
338,553,2026-06-01,68.0,15.0,9,112.12,web
339,1321,2026-06-01,6.0,39.0,1,427.14,web
340,998,2026-06-01,81.0,19.0,5,555.11,store
341,1585,2026-06-01,52.0,6.0,3,395.38,mobile
342,38,2026-06-01,58.0,6.0,10,438.75,web
343,963,2026-06-01,100.0,46.0,10,136.71,mobile
344,597,2026-06-01,52.0,42.0,3,323.42,store
345,45,2026-06-01,47.0,9.0,5,466.49,web
346,1546,2026-06-01,41.0,45.0,7,401.79,store
347,914,2026-06-01,78.0,17.0,2,493.61,store
348,175,2026-06-01,91.0,22.0,9,66.75,web
349,1117,2026-06-01,68.0,12.0,10,464.55,store
350,545,2026-06-01,10.0,11.0,5,278.64,web
351,1336,2026-06-01,66.0,29.0,9,758.54,web
352,618,2026-06-01,90.0,35.0,5,562.5,mobile
353,517,2026-06-01,17.0,3.0,4,257.82,web
354,38,2026-06-01,89.0,3.0,5,269.56,mobile
355,1524,2026-06-01,6.0,50.0,1,311.24,web
356,109,2026-06-01,75.0,21.0,3,159.36,store
357,670,2026-06-01,20.0,19.0,8,434.72,store
358,362,2026-06-01,6.0,29.0,10,672.55,web
359,1603,2026-06-01,59.0,7.0,10,77.74,web
360,1572,2026-06-01,70.0,1.0,5,104.67,mobile
361,632,2026-06-01,63.0,22.0,10,62.24,web
362,920,2026-06-01,26.0,8.0,9,159.32,store
363,226,2026-06-01,48.0,36.0,1,62.14,store
364,561,2026-06-01,36.0,5.0,4,460.29,store
365,1561,2026-06-01,87.0,32.0,10,225.77,mobile
366,994,2026-06-01,58.0,7.0,5,0.0,web
367,958,2026-06-01,54.0,48.0,-2,478.85,mobile
368,502,2026-06-01,58.0,18.0,3,11.51,web
369,409,2026-06-01,75.0,10.0,2,520.54,mobile
370,63,2026-06-01,69.0,46.0,6,125.63,store
371,1326,2026-06-01,68.0,8.0,5,154.68,web
372,97,2026-06-01,64.0,47.0,8,384.42,mobile
373,862,2026-06-01,80.0,44.0,10,471.92,web
374,1179,2026-06-01,19.0,40.0,7,125.31,web
375,712,2026-06-01,91.0,5.0,9,490.29,web
376,1488,2026-06-01,76.0,22.0,8,63.36,web
377,1579,2026-06-01,39.0,28.0,6,492.93,web
378,1649,2026-06-01,98.0,16.0,6,10.67,store
379,1499,2026-06-01,86.0,20.0,7,411.87,mobile
380,1242,2026-06-01,3.0,47.0,6,378.91,store
381,31,2026-06-01,66.0,11.0,4,284.98,web
382,1316,2026-06-01,11.0,1.0,2,93.91,store
383,53,2026-06-01,10.0,32.0,1,191.51,web
384,250,2026-06-01,84.0,29.0,2,665.96,mobile
385,674,2026-06-01,31.0,49.0,1,45.35,mobile
386,1515,2026-06-01,73.0,34.0,2,274.48,web
387,1111,2026-06-01,35.0,11.0,10,238.04,store
388,74,2026-06-01,58.0,22.0,10,58.44,mobile
389,599,2026-06-01,43.0,26.0,6,39.64,mobile
390,760,2026-06-01,87.0,12.0,8,453.47,web
391,927,2026-06-01,35.0,30.0,3,360.23,web
392,1244,2026-06-01,31.0,33.0,4,392.66,web
393,1465,2026-06-01,78.0,2.0,3,333.58,web
394,1311,2026-06-01,38.0,15.0,10,100.83,web
395,1237,2026-06-01,66.0,4.0,5,551.33,web
396,88,2026-06-01,29.0,44.0,2,499.5,mobile
397,778,2026-06-01,29.0,3.0,3,247.37,web
398,856,2026-06-01,61.0,43.0,9,463.19,store
399,1042,2026-06-01,83.0,18.0,9,12.44,mobile
400,1109,2026-06-01,31.0,9.0,3,484.5,store
401,1054,2026-06-01,81.0,41.0,4,388.34,web
402,777,2026-06-01,91.0,44.0,7,454.59,store
403,1225,2026-06-01,72.0,20.0,8,430.03,mobile
404,411,2026-06-01,57.0,2.0,5,353.21,store
405,439,2026-06-01,19.0,36.0,8,54.05,mobile
406,1461,2026-06-01,86.0,28.0,1,0.0,mobile
407,511,2026-06-01,45.0,21.0,9,162.44,store
408,623,2026-06-01,50.0,15.0,5,102.55,store
409,360,2026-06-01,4.0,41.0,5,383.11,mobile
410,1424,2026-06-01,83.0,29.0,6,630.27,store
411,419,2026-06-01,52.0,9.0,6,457.69,store
412,1570,2026-06-01,11.0,16.0,7,10.76,web
413,1406,2026-06-01,39.0,33.0,6,411.13,mobile
414,455,2026-06-01,16.0,1.0,6,106.46,web
415,1562,2026-06-01,82.0,44.0,10,475.98,mobile
416,912,2026-06-01,2.0,8.0,6,151.98,mobile
417,580,2026-06-01,35.0,12.0,7,481.49,store
418,923,2026-06-01,86.0,27.0,10,553.84,mobile
419,918,2026-06-01,15.0,10.0,1,535.86,web
420,569,2026-06-01,63.0,28.0,8,504.43,web
421,1270,2026-06-01,20.0,23.0,6,387.95,web
422,1404,2026-06-01,19.0,20.0,5,475.16,web
423,675,2026-06-01,88.0,16.0,4,12.17,web
424,79,2026-06-01,47.0,13.0,7,462.45,mobile
425,551,2026-06-01,58.0,38.0,3,254.11,store
426,1113,2026-06-01,13.0,6.0,1,450.78,mobile
427,665,2026-06-01,97.0,2.0,10,344.64,mobile
428,739,2026-06-01,49.0,48.0,1,472.19,store
429,847,2026-06-01,45.0,40.0,3,118.59,web
430,754,2026-06-01,94.0,8.0,1,159.58,mobile
431,1168,2026-06-01,46.0,40.0,10,120.22,mobile
432,713,2026-06-01,88.0,39.0,8,447.65,store
433,1004,2026-06-01,20.0,26.0,6,34.17,web
434,1212,2026-06-01,34.0,35.0,3,583.39,mobile
435,443,2026-06-01,49.0,31.0,2,27.71,web
436,190,2026-06-01,92.0,4.0,7,647.77,store
437,1032,2026-06-01,65.0,17.0,4,514.73,mobile
438,1185,2026-06-01,44.0,16.0,8,10.04,store
439,1625,2026-06-01,72.0,44.0,7,450.3,web
440,1614,2026-06-01,11.0,37.0,10,495.46,mobile
441,840,2026-06-01,7.0,10.0,5,504.98,store
442,20,2026-06-01,58.0,40.0,7,127.21,store
443,1278,2026-06-01,70.0,17.0,10,468.59,mobile
444,1016,2026-06-01,19.0,3.0,8,237.38,web
445,391,2026-06-01,88.0,33.0,3,369.62,web
446,1352,2026-06-01,20.0,42.0,4,328.56,store
447,1468,2026-06-01,91.0,34.0,5,312.76,store
448,524,2026-06-01,72.0,27.0,4,494.43,mobile
449,1587,2026-06-01,26.0,11.0,2,260.87,store
450,1317,2026-06-01,2.0,19.0,1,525.12,mobile
451,1506,2026-06-01,24.0,40.0,3,120.42,store
452,870,2026-06-01,35.0,9.0,1,424.34,mobile
453,887,2026-06-01,55.0,15.0,10,102.67,web
454,1142,2026-06-01,67.0,8.0,5,174.82,mobile
455,1589,2026-06-01,15.0,12.0,8,518.31,mobile
456,51,2026-06-01,48.0,8.0,4,175.76,mobile
457,1666,2026-06-01,94.0,47.0,8,374.94,web
458,963,2026-06-01,91.0,50.0,3,353.01,store
459,1663,2026-06-01,41.0,41.0,7,352.64,web
460,1171,2026-06-01,45.0,47.0,2,422.14,mobile
461,1005,2026-06-01,66.0,34.0,2,345.5,mobile
462,1242,2026-06-01,12.0,2.0,2,300.1,web
463,1214,2026-06-01,48.0,47.0,1,366.16,mobile
464,946,2026-06-01,67.0,34.0,2,300.99,web
465,813,2026-06-01,81.0,46.0,2,132.49,web
466,1011,2026-06-01,34.0,27.0,5,614.95,store
467,1226,2026-06-01,14.0,17.0,1,534.42,mobile
468,305,2026-06-01,89.0,16.0,8,12.71,store
469,982,2026-06-01,14.0,5.0,8,422.89,web
470,1212,2026-06-01,74.0,15.0,3,108.11,mobile
471,1078,2026-06-01,13.0,7.0,-7,66.9,mobile
472,285,2026-06-01,16.0,42.0,4,390.8,store
473,1330,2026-06-01,35.0,49.0,7,44.69,web
474,164,2026-06-01,43.0,26.0,3,33.15,mobile
475,71,2026-06-01,70.0,14.0,7,48.73,mobile
476,801,2026-06-01,67.0,4.0,7,583.03,mobile
477,103,2026-06-01,66.0,3.0,9,267.99,web
478,1595,2026-06-01,94.0,1.0,5,89.07,mobile
479,394,2026-06-01,62.0,44.0,3,407.37,store
480,1490,2026-06-01,100.0,41.0,4,384.91,mobile
481,304,2026-06-01,82.0,33.0,3,443.45,store
482,704,2026-06-01,44.0,22.0,5,62.36,store
483,268,2026-06-01,45.0,21.0,1,166.9,mobile
484,6,2026-06-01,14.0,48.0,4,410.58,web
485,1146,2026-06-01,23.0,4.0,4,659.26,store
486,582,2026-06-01,37.0,35.0,2,520.65,mobile
487,1586,2026-06-01,13.0,10.0,2,483.73,web
488,1111,2026-06-01,6.0,33.0,8,462.78,web
489,1104,2026-06-01,20.0,40.0,4,108.46,store
490,484,2026-06-01,20.0,33.0,4,463.44,web
491,219,2026-06-01,6.0,8.0,10,143.64,store
492,397,2026-06-01,83.0,2.0,7,316.32,store
493,135,2026-06-01,88.0,11.0,10,249.44,store
494,542,2026-06-01,18.0,17.0,4,542.95,web
495,399,2026-06-01,9.0,9.0,1,410.03,web
496,1628,2026-06-01,65.0,34.0,9,266.26,mobile
497,416,2026-06-01,49.0,37.0,9,492.02,store
498,1468,2026-06-01,27.0,29.0,7,-63.42,web
499,270,2026-06-01,27.0,11.0,10,227.46,web
500,732,2026-06-01,61.0,47.0,3,358.07,web
501,16,2026-06-01,72.0,22.0,2,62.61,store
502,241,2026-06-01,50.0,29.0,6,809.73,web
503,735,2026-06-01,38.0,17.0,6,493.59,web
504,74,2026-06-01,55.0,6.0,1,452.69,mobile
505,929,2026-06-01,7.0,40.0,4,113.44,mobile
506,719,2026-06-01,46.0,23.0,4,354.84,web
507,283,2026-06-01,82.0,6.0,1,386.39,mobile
508,864,2026-06-01,84.0,47.0,7,379.37,web
509,91,2026-06-01,92.0,14.0,10,40.4,mobile
510,365,2026-06-01,67.0,3.0,9,226.57,mobile
511,1655,2026-06-01,72.0,12.0,8,544.97,web
512,1002,2026-06-01,42.0,6.0,7,417.36,mobile
513,1156,2026-06-01,92.0,6.0,6,384.66,mobile
514,665,2026-06-01,3.0,45.0,1,475.68,store
515,1063,2026-06-01,30.0,16.0,9,11.27,mobile
516,66,2026-06-01,23.0,22.0,4,58.3,web
517,185,2026-06-01,74.0,47.0,6,382.19,web
518,1082,2026-06-01,8.0,20.0,3,421.42,store
519,1583,2026-06-01,99.0,43.0,7,455.14,mobile
520,779,2026-06-01,74.0,18.0,5,11.66,mobile
521,1180,2026-06-01,1.0,27.0,5,521.31,web
522,462,2026-06-01,71.0,14.0,7,40.89,web
523,1339,2026-06-01,29.0,15.0,3,105.18,store
524,933,2026-06-01,27.0,12.0,7,446.06,mobile
525,1314,2026-06-01,87.0,9.0,5,410.1,mobile
526,565,2026-06-01,56.0,2.0,9,333.46,web
527,569,2026-06-01,83.0,46.0,9,139.23,store
528,618,2026-06-01,41.0,30.0,2,366.64,web
529,268,2026-06-01,77.0,30.0,6,422.41,store
530,601,2026-06-01,1.0,2.0,4,275.09,web
531,668,2026-06-01,5.0,22.0,6,60.23,mobile
532,170,2026-06-01,7.0,3.0,8,285.11,store
533,918,2026-06-01,86.0,45.0,8,432.7,web
534,357,2026-06-01,48.0,26.0,8,35.16,store
535,1658,2026-06-01,11.0,23.0,7,348.82,web
536,105,2026-06-01,13.0,46.0,9,140.36,web
537,903,2026-06-01,89.0,6.0,3,376.59,mobile
538,100,2026-06-01,7.0,20.0,8,473.61,mobile
539,1135,2026-06-01,24.0,48.0,10,412.54,mobile
540,557,2026-06-01,79.0,38.0,5,285.12,mobile
541,544,2026-06-01,90.0,25.0,7,466.2,web
542,1337,2026-06-01,67.0,46.0,3,125.8,store
543,523,2026-06-01,73.0,22.0,8,63.61,store
544,97,2026-06-01,5.0,2.0,6,322.33,store
545,1502,2026-06-01,88.0,34.0,2,293.11,store
546,439,2026-06-01,14.0,35.0,10,518.74,mobile
547,1194,2026-06-01,96.0,27.0,3,498.65,web
548,1653,2026-06-01,10.0,33.0,5,386.05,web
549,1234,2026-06-01,88.0,50.0,1,340.04,store
550,1315,2026-06-01,5.0,25.0,5,498.44,web
551,911,2026-06-01,87.0,29.0,6,692.21,store
552,511,2026-06-01,90.0,44.0,4,403.8,mobile
553,1285,2026-06-01,56.0,29.0,5,785.27,store
554,268,2026-06-01,18.0,44.0,5,486.74,web
555,1235,2026-06-01,4.0,37.0,8,573.33,store
556,553,2026-06-01,27.0,39.0,-8,464.28,mobile
557,17,2026-06-01,82.0,45.0,2,464.39,store
558,118,2026-06-01,50.0,2.0,1,290.5,web
559,1653,2026-06-01,58.0,10.0,5,462.79,mobile
560,184,2026-06-01,42.0,4.0,7,0.0,store
561,56,2026-06-01,11.0,35.0,1,476.84,store
562,227,2026-06-01,56.0,22.0,6,53.42,web
563,132,2026-06-01,75.0,27.0,6,509.7,store
564,1620,2026-06-01,75.0,6.0,1,444.24,web
565,35,2026-06-01,43.0,28.0,8,501.67,store
566,456,2026-06-01,4.0,32.0,3,234.0,web
567,935,2026-06-01,99.0,29.0,5,756.21,mobile
568,1069,2026-06-01,34.0,10.0,8,444.47,mobile
569,1495,2026-06-01,55.0,28.0,5,598.22,store
570,442,2026-06-01,2.0,21.0,5,166.88,mobile
571,261,2026-06-01,28.0,14.0,1,49.33,web
572,1100,2026-06-01,9.0,18.0,8,11.15,web
573,1059,2026-06-01,96.0,34.0,9,316.85,mobile
574,1571,2026-06-01,37.0,29.0,4,709.09,mobile
575,1634,2026-06-01,40.0,27.0,7,620.45,mobile
576,730,2026-06-01,66.0,41.0,10,348.78,web
577,1654,2026-06-01,31.0,34.0,10,269.36,store
578,1168,2026-06-01,39.0,27.0,3,633.94,store
579,961,2026-06-01,1.0,3.0,7,278.69,web
580,1250,2026-06-01,51.0,34.0,2,292.11,web
581,1624,2026-06-01,10.0,41.0,7,416.33,store
582,1375,2026-06-01,18.0,40.0,6,121.57,web
583,11,2026-06-01,25.0,37.0,4,539.8,mobile
584,1580,2026-06-01,55.0,12.0,3,489.13,store
585,1342,2026-06-01,71.0,2.0,10,292.77,mobile
586,837,2026-06-01,65.0,17.0,8,439.36,mobile
587,1556,2026-06-01,83.0,2.0,3,336.7,web
588,249,2026-06-01,76.0,41.0,7,429.84,mobile
589,139,2026-06-01,99.0,17.0,3,528.5,web
590,706,2026-06-01,89.0,37.0,3,527.58,web
591,161,2026-06-01,46.0,27.0,9,507.92,store
592,1261,2026-06-01,96.0,34.0,3,341.23,store
593,1024,2026-06-01,93.0,21.0,10,139.16,store
594,1254,2026-06-01,42.0,12.0,9,526.22,store
595,1245,2026-06-01,67.0,10.0,1,554.33,store
596,501,2026-06-01,3.0,6.0,7,463.16,web
597,859,2026-06-01,3.0,6.0,-2,398.71,store
598,1387,2026-06-01,13.0,9.0,8,428.75,mobile
599,418,2026-06-01,68.0,19.0,1,544.74,mobile
600,911,2026-06-01,84.0,50.0,6,393.19,mobile
601,1228,2026-06-01,18.0,18.0,6,10.8,mobile
602,941,2026-06-01,96.0,33.0,6,434.07,mobile
603,376,2026-06-01,83.0,20.0,7,464.06,mobile
604,99,2026-06-01,4.0,33.0,1,372.27,store
605,690,2026-06-01,53.0,29.0,5,672.51,mobile
606,1617,2026-06-01,82.0,47.0,6,414.97,web
607,577,2026-06-01,87.0,9.0,6,459.19,store
608,1136,2026-06-01,99.0,18.0,3,12.63,mobile
609,241,2026-06-01,30.0,49.0,1,45.19,web
610,1649,2026-06-01,71.0,38.0,3,268.45,web
611,38,2026-06-01,88.0,7.0,8,63.37,store
612,1434,2026-06-01,98.0,3.0,4,283.53,store
613,1254,2026-06-01,56.0,37.0,8,485.58,web
614,1040,2026-06-01,49.0,15.0,3,109.85,web
615,460,2026-06-01,66.0,27.0,2,510.46,web
616,1512,2026-06-01,65.0,4.0,1,710.32,store
617,278,2026-06-01,49.0,19.0,8,460.9,store
618,642,2026-06-01,11.0,12.0,10,502.37,web
619,1591,2026-06-01,5.0,14.0,8,44.16,web
620,1274,2026-06-01,47.0,49.0,10,54.04,mobile
621,763,2026-06-01,91.0,44.0,4,419.2,web
622,498,2026-06-01,30.0,22.0,1,65.23,mobile
623,134,2026-06-01,14.0,50.0,5,385.62,web
624,111,2026-06-01,83.0,50.0,6,384.53,store
625,873,2026-06-01,57.0,4.0,3,609.17,web
626,547,2026-06-01,25.0,26.0,3,39.74,web
627,938,2026-06-01,73.0,17.0,6,502.89,mobile
628,695,2026-06-01,80.0,12.0,3,574.05,web
629,17,2026-06-01,31.0,37.0,8,447.48,web
630,410,2026-06-01,90.0,17.0,5,478.11,store
631,549,2026-06-01,75.0,28.0,9,582.69,web
632,1243,2026-06-01,36.0,19.0,5,546.08,mobile
633,805,2026-06-01,52.0,32.0,7,205.94,mobile
634,1642,2026-06-01,87.0,38.0,9,283.69,web
635,1369,2026-06-01,80.0,49.0,1,50.6,store
636,218,2026-06-01,54.0,16.0,9,12.73,store
637,20,2026-06-01,82.0,18.0,6,13.02,web
638,1157,2026-06-01,83.0,33.0,3,354.84,store
639,577,2026-06-01,1.0,9.0,5,531.53,web
640,1549,2026-06-01,34.0,9.0,6,454.46,mobile
641,969,2026-06-01,21.0,49.0,7,52.89,web
642,1160,2026-06-01,78.0,16.0,6,-74.82,store
643,1215,2026-06-01,33.0,8.0,1,156.95,mobile
644,1449,2026-06-01,35.0,30.0,10,362.52,store
645,299,2026-06-01,5.0,46.0,8,116.7,mobile
646,544,2026-06-01,64.0,48.0,7,528.11,web
647,444,2026-06-01,47.0,11.0,9,220.86,web
648,349,2026-06-01,31.0,22.0,4,59.6,web
649,1050,2026-06-01,74.0,41.0,8,396.37,store
650,1043,2026-06-01,37.0,23.0,8,395.96,mobile
651,396,2026-06-01,68.0,31.0,7,23.87,web
652,114,2026-06-01,88.0,7.0,4,65.99,mobile
653,1218,2026-06-01,44.0,33.0,8,423.18,web
654,1328,2026-06-01,100.0,1.0,7,104.83,mobile
655,173,2026-06-01,47.0,10.0,1,488.58,mobile
656,472,2026-06-01,98.0,12.0,9,569.95,store
657,770,2026-06-01,93.0,15.0,1,87.75,store
658,267,2026-06-01,77.0,31.0,3,27.29,mobile
659,1499,2026-06-01,55.0,47.0,2,374.64,mobile
660,1017,2026-06-01,56.0,24.0,8,504.73,mobile
661,370,2026-06-01,23.0,38.0,7,299.43,mobile
662,6,2026-06-01,15.0,50.0,7,396.54,mobile
663,911,2026-06-01,49.0,12.0,10,459.71,web
664,199,2026-06-01,90.0,36.0,6,57.27,web
665,758,2026-06-01,11.0,41.0,5,433.52,mobile
666,205,2026-06-01,85.0,33.0,8,385.28,web
667,1355,2026-06-01,32.0,13.0,9,530.51,store
668,1441,2026-06-01,46.0,25.0,8,465.25,store
669,1455,2026-06-01,69.0,14.0,10,41.58,web
670,1099,2026-06-01,88.0,48.0,6,531.54,web
671,1420,2026-06-01,19.0,46.0,6,119.31,store
672,983,2026-06-01,5.0,5.0,9,547.91,mobile
673,466,2026-06-01,7.0,18.0,6,10.4,mobile
674,20,2026-06-01,44.0,26.0,1,34.55,mobile
675,511,2026-06-01,72.0,40.0,1,113.57,web
676,237,2026-06-01,82.0,36.0,8,63.35,store
677,1213,2026-06-01,19.0,5.0,7,431.8,store
678,1550,2026-06-01,44.0,32.0,1,180.65,store
679,607,2026-06-01,8.0,10.0,7,533.34,store
680,1643,2026-06-01,4.0,42.0,6,357.2,store
681,1028,2026-06-01,67.0,31.0,10,24.72,store
682,1085,2026-06-01,82.0,16.0,6,12.72,mobile
683,735,2026-06-01,18.0,49.0,1,44.69,web
684,1283,2026-06-01,69.0,28.0,4,515.58,mobile
685,764,2026-06-01,69.0,8.0,9,173.49,web
686,1593,2026-06-01,77.0,8.0,1,167.5,store
687,410,2026-06-01,53.0,20.0,1,434.6,web
688,87,2026-06-01,44.0,13.0,6,520.37,mobile
689,1481,2026-06-01,48.0,12.0,2,484.15,store
690,1617,2026-06-01,73.0,21.0,3,163.9,mobile
691,134,2026-06-01,25.0,25.0,6,492.97,store
692,898,2026-06-01,43.0,25.0,7,474.9,mobile
693,836,2026-06-01,19.0,29.0,8,710.15,store
694,1453,2026-06-01,72.0,30.0,10,379.19,store
695,519,2026-06-01,95.0,9.0,1,428.77,mobile
696,1362,2026-06-01,22.0,38.0,6,299.73,store
697,439,2026-06-01,82.0,45.0,8,470.75,store
698,1427,2026-06-01,52.0,44.0,7,395.15,store
699,79,2026-06-01,7.0,24.0,2,478.88,store
700,915,2026-06-01,26.0,8.0,3,172.66,web
701,131,2026-06-01,10.0,18.0,9,10.58,store
702,417,2026-06-01,27.0,26.0,7,37.6,web
703,725,2026-06-01,89.0,49.0,1,54.57,store
704,809,2026-06-01,31.0,11.0,10,235.42,store
705,799,2026-06-01,48.0,39.0,9,426.44,mobile
706,510,2026-06-01,13.0,25.0,8,448.68,web
707,24,2026-06-01,28.0,31.0,6,23.07,web
708,120,2026-06-01,46.0,18.0,4,11.77,web
709,1453,2026-06-01,85.0,28.0,2,487.08,mobile
710,624,2026-06-01,19.0,3.0,5,238.59,web
711,1488,2026-06-01,62.0,16.0,6,12.2,mobile
712,1485,2026-06-01,5.0,12.0,9,499.29,store
713,755,2026-06-01,57.0,48.0,8,496.06,web
714,307,2026-06-01,26.0,1.0,5,104.13,mobile
715,251,2026-06-01,66.0,4.0,1,712.9,mobile
716,375,2026-06-01,72.0,16.0,7,12.36,mobile
717,1077,2026-06-01,13.0,44.0,3,507.01,web
718,1621,2026-06-01,100.0,17.0,1,477.97,web
719,460,2026-06-01,38.0,27.0,3,616.52,web
720,282,2026-06-01,15.0,15.0,6,102.68,mobile
721,1583,2026-06-01,97.0,36.0,6,67.65,mobile
722,1242,2026-06-01,55.0,18.0,2,10.25,web
723,1451,2026-06-01,100.0,44.0,-1,394.21,web
724,1558,2026-06-01,45.0,1.0,1,95.5,store
725,655,2026-06-01,83.0,46.0,3,125.56,store
726,1548,2026-06-01,43.0,48.0,6,527.06,mobile
727,122,2026-06-01,16.0,23.0,1,436.99,store
728,865,2026-06-01,65.0,1.0,5,101.99,store
729,548,2026-06-01,10.0,24.0,8,510.24,mobile
730,1292,2026-06-01,55.0,15.0,7,95.04,mobile
731,1553,2026-06-01,21.0,8.0,9,160.96,web
732,67,2026-06-01,76.0,10.0,6,506.27,web
733,1574,2026-06-01,4.0,24.0,8,580.81,store
734,1320,2026-06-01,48.0,41.0,2,427.57,mobile
735,1036,2026-06-01,70.0,25.0,7,581.92,mobile
736,763,2026-06-01,62.0,15.0,8,97.4,web
737,1212,2026-06-01,67.0,27.0,6,484.7,web
738,453,2026-06-01,83.0,2.0,10,311.39,web
739,1580,2026-06-01,70.0,17.0,1,469.55,web
740,966,2026-06-01,34.0,28.0,1,550.58,store
741,1148,2026-06-01,78.0,1.0,4,109.85,web
742,1021,2026-06-01,19.0,26.0,4,41.64,web
743,915,2026-06-01,25.0,17.0,5,466.28,web
744,544,2026-06-01,47.0,21.0,6,161.33,mobile
745,979,2026-06-01,53.0,24.0,2,527.1,mobile
746,504,2026-06-01,51.0,19.0,6,543.46,web
747,512,2026-06-01,8.0,44.0,10,389.03,store
748,1166,2026-06-01,83.0,21.0,6,158.67,web
749,126,2026-06-01,98.0,11.0,10,250.76,store
750,394,2026-06-01,63.0,37.0,9,466.51,mobile
751,159,2026-06-01,8.0,15.0,7,91.2,store
752,1145,2026-06-01,5.0,48.0,3,454.29,web
753,510,2026-06-01,51.0,4.0,2,617.19,store
754,645,2026-06-01,60.0,43.0,3,413.57,web
755,1628,2026-06-01,22.0,41.0,4,440.5,web
756,835,2026-06-01,87.0,30.0,4,354.58,web
757,1162,2026-06-01,33.0,17.0,4,512.91,mobile
758,247,2026-06-01,54.0,26.0,7,36.03,web
759,1636,2026-06-01,31.0,36.0,9,69.38,web
760,557,2026-06-01,20.0,15.0,2,93.83,mobile
761,920,2026-06-01,15.0,22.0,4,57.79,mobile
762,1180,2026-06-01,94.0,3.0,7,275.5,store
763,573,2026-06-01,86.0,42.0,6,346.97,web
764,355,2026-06-01,52.0,2.0,5,298.59,mobile
765,1251,2026-06-01,78.0,17.0,5,494.75,web
766,1372,2026-06-01,94.0,28.0,6,556.16,web
767,162,2026-06-01,32.0,6.0,1,466.66,store
768,1626,2026-06-01,69.0,36.0,6,61.21,mobile
769,24,2026-06-01,86.0,27.0,8,590.08,web
770,213,2026-06-01,82.0,21.0,5,149.21,mobile
771,150,2026-06-01,50.0,50.0,6,385.32,mobile
772,725,2026-06-01,83.0,21.0,6,172.14,mobile
773,370,2026-06-01,26.0,48.0,3,442.8,mobile
774,142,2026-06-01,37.0,41.0,1,352.88,web
775,1395,2026-06-01,99.0,41.0,9,368.63,mobile
776,162,2026-06-01,12.0,47.0,10,369.81,store
777,617,2026-06-01,66.0,7.0,8,71.03,web
778,1030,2026-06-01,99.0,9.0,4,445.02,mobile
779,548,2026-06-01,94.0,12.0,7,497.66,mobile
780,941,2026-06-01,24.0,1.0,10,97.98,mobile
781,322,2026-06-01,35.0,3.0,4,261.67,store
782,696,2026-06-01,61.0,19.0,3,457.88,mobile
783,1200,2026-06-01,25.0,14.0,6,44.49,web
784,546,2026-06-01,43.0,26.0,10,38.42,web
785,1245,2026-06-01,25.0,4.0,10,581.63,web
786,439,2026-06-01,13.0,32.0,10,206.23,web
787,691,2026-06-01,34.0,46.0,9,127.69,mobile
788,993,2026-06-01,11.0,49.0,3,46.08,store
789,944,2026-06-01,100.0,1.0,9,93.22,store
790,1338,2026-06-01,81.0,33.0,2,434.67,web
791,1463,2026-06-01,60.0,38.0,1,288.17,store
792,1060,2026-06-01,71.0,22.0,1,68.45,store
793,708,2026-06-01,40.0,28.0,3,494.39,web
794,755,2026-06-01,98.0,8.0,4,177.27,store
795,1020,2026-06-01,61.0,31.0,6,28.2,web
796,1189,2026-06-01,36.0,11.0,9,255.94,store
797,12,2026-06-01,99.0,6.0,3,360.64,web
798,264,2026-06-01,62.0,17.0,4,497.71,store
799,1429,2026-06-01,79.0,11.0,5,274.36,web
800,1643,2026-06-01,64.0,38.0,3,311.3,web
801,516,2026-06-01,6.0,6.0,3,411.42,store
802,1000,2026-06-01,6.0,25.0,7,484.92,web
803,334,2026-06-01,80.0,38.0,9,-57.87,mobile
804,484,2026-06-01,54.0,35.0,6,530.06,web
805,1321,2026-06-01,66.0,13.0,5,428.84,web
806,1591,2026-06-01,79.0,37.0,8,564.91,web
807,216,2026-06-01,12.0,33.0,3,430.11,web
808,447,2026-06-01,88.0,28.0,3,500.67,mobile
809,681,2026-06-01,57.0,9.0,7,514.77,mobile
810,1131,2026-06-01,99.0,17.0,7,446.53,mobile
811,1388,2026-06-01,52.0,40.0,4,117.1,store
812,204,2026-06-01,23.0,29.0,8,655.52,store
813,1532,2026-06-01,72.0,37.0,3,490.64,store
814,1604,2026-06-01,83.0,7.0,5,77.35,mobile
815,131,2026-06-01,83.0,16.0,6,11.73,mobile
816,997,2026-06-01,33.0,48.0,6,498.04,web
817,1288,2026-06-01,38.0,9.0,2,425.32,web
818,490,2026-06-01,50.0,28.0,5,493.21,web
819,1030,2026-06-01,67.0,26.0,9,32.85,mobile
820,977,2026-06-01,45.0,28.0,9,523.75,mobile
821,602,2026-06-01,70.0,19.0,5,550.42,store
822,572,2026-06-01,26.0,43.0,6,453.28,web
823,997,2026-06-01,1.0,30.0,3,333.66,web
824,1247,2026-06-01,16.0,28.0,4,629.84,web
825,217,2026-06-01,51.0,28.0,1,525.92,web
826,493,2026-06-01,17.0,19.0,1,528.59,web
827,1300,2026-06-01,64.0,20.0,3,482.09,web
828,348,2026-06-01,43.0,37.0,4,511.7,web
829,530,2026-06-01,43.0,1.0,3,86.21,web
830,1588,2026-06-01,47.0,40.0,8,121.68,web
831,1392,2026-06-01,46.0,2.0,8,352.77,web
832,42,2026-06-01,45.0,9.0,5,410.83,store
833,178,2026-06-01,79.0,4.0,1,610.32,mobile
834,328,2026-06-01,63.0,21.0,5,169.96,web
835,1388,2026-06-01,85.0,1.0,5,92.9,mobile
836,1399,2026-06-01,24.0,38.0,9,331.69,store
837,1621,2026-06-01,,35.0,4,-41.85,web
838,1149,2026-06-01,65.0,37.0,7,478.57,web
839,584,2026-06-01,69.0,24.0,5,492.11,mobile
840,778,2026-06-01,50.0,38.0,1,274.1,mobile
841,1661,2026-06-01,10.0,37.0,8,489.64,mobile
842,111,2026-06-01,56.0,18.0,10,12.61,web
843,483,2026-06-01,92.0,3.0,4,221.9,mobile
844,265,2026-06-01,3.0,41.0,6,360.2,web
845,221,2026-06-01,42.0,5.0,6,546.75,mobile
846,84,2026-06-01,26.0,7.0,5,62.32,web
847,371,2026-06-01,51.0,34.0,7,313.95,mobile
848,1412,2026-06-01,1.0,1.0,9,94.47,mobile
849,182,2026-06-01,54.0,36.0,8,63.86,mobile
850,890,2026-06-01,62.0,46.0,7,130.95,web
851,996,2026-06-01,99.0,34.0,8,315.63,store
852,1086,2026-06-01,38.0,30.0,-6,397.62,mobile
853,1400,2026-06-01,53.0,33.0,7,356.19,web
854,228,2026-06-01,90.0,38.0,1,296.08,web
855,233,2026-06-01,68.0,39.0,7,482.34,mobile
856,1087,2026-06-01,92.0,13.0,4,410.03,web
857,1152,2026-06-01,19.0,2.0,10,310.33,store
858,88,2026-06-01,16.0,10.0,3,473.33,mobile
859,1358,2026-06-01,48.0,11.0,5,258.13,web
860,165,2026-06-01,36.0,25.0,8,484.21,web
861,635,2026-06-01,2.0,5.0,-5,429.16,web
862,921,2026-06-01,39.0,8.0,1,171.31,store
863,1376,2026-06-01,77.0,18.0,3,10.76,mobile
864,1238,2026-06-01,38.0,12.0,6,527.84,mobile
865,1068,2026-06-01,65.0,32.0,6,193.03,mobile
866,1219,2026-06-01,53.0,10.0,9,495.46,web
867,86,2026-06-01,44.0,47.0,1,381.84,web
868,1645,2026-06-01,19.0,6.0,5,378.28,web
869,523,2026-06-01,31.0,50.0,7,377.65,web
870,1648,2026-06-01,6.0,7.0,10,72.68,web
871,601,2026-06-01,20.0,33.0,5,368.55,web
872,20,2026-06-01,49.0,46.0,2,-40.57,web
873,1335,2026-06-01,63.0,3.0,8,281.65,mobile
874,1064,2026-06-01,78.0,40.0,1,118.21,web
875,1547,2026-06-01,34.0,29.0,6,670.76,web
876,1149,2026-06-01,48.0,21.0,1,143.64,mobile
877,620,2026-06-01,97.0,33.0,6,460.0,mobile
878,326,2026-06-01,46.0,26.0,1,40.52,mobile
879,376,2026-06-01,78.0,27.0,3,599.57,store
880,586,2026-06-01,28.0,29.0,8,744.4,mobile
881,1291,2026-06-01,36.0,32.0,8,225.66,mobile
882,270,2026-06-01,77.0,45.0,1,438.34,web
883,1647,2026-06-01,60.0,13.0,8,493.61,store
884,1353,2026-06-01,22.0,36.0,2,54.36,mobile
885,1179,2026-06-01,100.0,6.0,4,409.12,store
886,1012,2026-06-01,19.0,45.0,9,392.02,web
887,1082,2026-06-01,85.0,18.0,2,11.25,mobile
888,578,2026-06-01,52.0,12.0,1,559.1,web
889,8,2026-06-01,72.0,25.0,5,576.67,store
890,110,2026-06-01,51.0,25.0,8,522.39,mobile
891,848,2026-06-01,98.0,44.0,1,496.23,mobile
892,188,2026-06-01,19.0,23.0,10,357.98,store
893,345,2026-06-01,57.0,5.0,8,456.33,store
894,292,2026-06-01,21.0,15.0,2,89.48,web
895,697,2026-06-01,73.0,45.0,10,463.9,web
896,1036,2026-06-01,44.0,44.0,2,471.4,web
897,710,2026-06-01,98.0,3.0,9,232.6,mobile
898,1288,2026-06-01,60.0,5.0,9,449.8,web
899,1137,2026-06-01,52.0,29.0,4,678.91,web
900,811,2026-06-01,69.0,29.0,7,773.25,mobile
901,1293,2026-06-01,88.0,11.0,7,264.63,web
902,1271,2026-06-01,99.0,46.0,5,114.8,mobile
903,172,2026-06-01,27.0,47.0,9,395.63,web
904,318,2026-06-01,19.0,21.0,2,134.53,mobile
905,1176,2026-06-01,59.0,23.0,8,404.79,web
906,163,2026-06-01,65.0,19.0,3,491.82,store
907,465,2026-06-01,82.0,26.0,3,37.04,store
908,760,2026-06-01,56.0,15.0,1,99.89,web
909,439,2026-06-01,25.0,45.0,4,470.11,store
910,597,2026-06-01,9.0,3.0,8,288.47,store
911,683,2026-06-01,96.0,38.0,4,267.49,store
912,305,2026-06-01,68.0,42.0,7,354.98,store
913,1383,2026-06-01,58.0,45.0,2,383.33,mobile
914,1660,2026-06-01,70.0,39.0,2,437.31,web
915,419,2026-06-01,94.0,36.0,7,68.8,store
916,105,2026-06-01,10.0,20.0,7,442.91,store
917,1549,2026-06-01,33.0,35.0,8,594.57,web
918,1254,2026-06-01,12.0,12.0,4,498.35,web
919,966,2026-06-01,57.0,38.0,6,300.65,store
920,34,2026-06-01,46.0,20.0,6,470.99,web
921,960,2026-06-01,22.0,30.0,2,358.33,mobile
922,1188,2026-06-01,72.0,30.0,6,329.17,mobile
923,170,2026-06-01,65.0,36.0,3,68.11,web
924,1151,2026-06-01,43.0,45.0,2,465.97,store
925,604,2026-06-01,63.0,28.0,2,590.15,store
926,1216,2026-06-01,63.0,28.0,4,614.05,web
927,1611,2026-06-01,13.0,43.0,5,370.72,store
928,1040,2026-06-01,27.0,26.0,3,41.94,mobile
929,1332,2026-06-01,18.0,25.0,3,493.39,mobile
930,1144,2026-06-01,67.0,10.0,5,509.87,mobile
931,279,2026-06-01,90.0,27.0,2,525.05,store
932,1268,2026-06-01,32.0,50.0,2,339.75,mobile
933,61,2026-06-01,86.0,24.0,6,536.19,store
934,1518,2026-06-01,99.0,22.0,4,61.38,mobile
935,843,2026-06-01,51.0,37.0,8,537.17,mobile
936,1455,2026-06-01,51.0,40.0,1,99.41,mobile
937,1609,2026-06-01,89.0,7.0,8,63.29,mobile
938,318,2026-06-01,9.0,50.0,8,341.64,store
939,41,2026-06-01,61.0,16.0,8,10.96,mobile
940,1393,2026-06-01,91.0,32.0,3,219.06,store
941,1086,2026-06-01,30.0,27.0,6,531.15,store
942,284,2026-06-01,82.0,6.0,4,447.54,store
943,1255,2026-06-01,97.0,42.0,2,409.7,store
944,465,2026-06-01,99.0,50.0,9,392.66,store
945,1471,2026-06-01,100.0,35.0,6,488.53,store
946,1352,2026-06-01,96.0,31.0,8,23.62,mobile
947,1087,2026-06-01,14.0,2.0,8,300.02,mobile
948,480,2026-06-01,38.0,18.0,2,10.71,store
949,1205,2026-06-01,6.0,14.0,1,46.8,store
950,41,2026-06-01,7.0,12.0,4,540.7,mobile
951,1343,2026-06-01,51.0,25.0,2,550.48,mobile
952,812,2026-06-01,41.0,20.0,4,414.52,web
953,449,2026-06-01,55.0,4.0,9,549.75,mobile
954,1358,2026-06-01,56.0,8.0,9,181.47,mobile
955,1492,2026-06-01,50.0,6.0,2,376.81,store
956,1362,2026-06-01,67.0,6.0,1,444.31,web
957,1180,2026-06-01,,11.0,6,230.93,mobile
958,804,2026-06-01,97.0,16.0,4,11.07,store
959,1503,2026-06-01,48.0,24.0,6,480.17,web
960,345,2026-06-01,12.0,11.0,6,263.42,mobile
961,1579,2026-06-01,2.0,12.0,1,450.37,store
962,1473,2026-06-01,59.0,34.0,1,266.69,web
963,387,2026-06-01,71.0,12.0,9,480.19,web
964,984,2026-06-01,66.0,11.0,8,251.07,web
965,187,2026-06-01,9.0,26.0,7,33.59,mobile
966,569,2026-06-01,39.0,49.0,7,55.89,mobile
967,1396,2026-06-01,95.0,47.0,7,355.62,web
968,1548,2026-06-01,3.0,49.0,9,51.03,store
969,538,2026-06-01,5.0,22.0,9,55.68,store
970,1141,2026-06-01,59.0,20.0,6,400.45,store
971,683,2026-06-01,73.0,2.0,5,325.13,mobile
972,141,2026-06-01,18.0,47.0,1,416.34,mobile
973,1271,2026-06-01,33.0,25.0,5,515.95,mobile
974,829,2026-06-01,13.0,25.0,9,514.38,store
975,913,2026-06-01,35.0,46.0,9,125.5,web
976,39,2026-06-01,57.0,26.0,6,33.0,store
977,679,2026-06-01,30.0,46.0,6,125.37,store
978,123,2026-06-01,39.0,14.0,6,51.73,web
979,1018,2026-06-01,71.0,31.0,6,22.55,web
980,839,2026-06-01,80.0,16.0,6,11.03,mobile
981,913,2026-06-01,35.0,14.0,10,47.5,mobile
982,386,2026-06-01,35.0,9.0,3,498.72,store
983,1402,2026-06-01,52.0,48.0,6,521.38,store
984,828,2026-06-01,4.0,21.0,8,168.82,web
985,394,2026-06-01,26.0,40.0,9,126.93,web
986,1598,2026-06-01,29.0,45.0,2,402.4,mobile
987,457,2026-06-01,83.0,8.0,2,181.59,web
988,1579,2026-06-01,28.0,19.0,8,444.56,web
989,746,2026-06-01,2.0,30.0,9,369.99,store
990,592,2026-06-01,65.0,23.0,9,440.78,store
991,1193,2026-06-01,82.0,11.0,4,282.57,mobile
992,298,2026-06-01,59.0,33.0,1,460.1,store
993,1348,2026-06-01,50.0,31.0,1,27.93,mobile
994,626,2026-06-01,87.0,4.0,7,706.77,mobile
995,554,2026-06-01,98.0,46.0,4,137.13,mobile
996,98,2026-06-01,24.0,49.0,8,46.53,store
997,1170,2026-06-01,63.0,28.0,5,539.18,store
998,1092,2026-06-01,63.0,36.0,9,67.18,mobile
999,515,2026-06-01,92.0,6.0,9,429.37,mobile
1000,1612,2026-06-01,34.0,28.0,4,536.07,store
1001,1488,2026-06-01,89.0,36.0,-1,68.07,mobile
1002,482,2026-06-01,19.0,6.0,4,363.79,mobile
1003,319,2026-06-01,53.0,32.0,9,216.56,web
1004,34,2026-06-01,74.0,41.0,4,420.39,mobile
1005,1513,2026-06-01,54.0,11.0,9,250.2,mobile
1006,892,2026-06-01,57.0,35.0,4,535.34,web
1007,1509,2026-06-01,51.0,1.0,9,95.47,mobile
1008,143,2026-06-01,78.0,43.0,7,379.04,store
1009,1044,2026-06-01,17.0,2.0,10,314.43,store
1010,195,2026-06-01,4.0,49.0,8,46.22,mobile
1011,655,2026-06-01,49.0,38.0,2,276.89,web
1012,1405,2026-06-01,12.0,15.0,2,103.68,store
1013,1556,2026-06-01,40.0,18.0,1,10.99,mobile
1014,42,2026-06-01,10.0,21.0,8,141.87,mobile
1015,790,2026-06-01,4.0,45.0,10,467.02,web
1016,97,2026-06-01,81.0,36.0,8,64.13,mobile
1017,89,2026-06-01,5.0,27.0,5,534.56,web
1018,899,2026-06-01,29.0,22.0,3,66.81,web
1019,1173,2026-06-01,57.0,46.0,4,138.44,web
1020,617,2026-06-01,89.0,33.0,9,393.43,web
1021,528,2026-06-01,32.0,22.0,9,64.6,store
1022,1593,2026-06-01,60.0,14.0,8,51.62,mobile
1023,1495,2026-06-01,52.0,44.0,5,422.31,store
1024,1636,2026-06-01,22.0,33.0,8,389.18,store
1025,1162,2026-06-01,9.0,10.0,5,544.83,store
1026,604,2026-06-01,30.0,18.0,3,11.34,store
1027,524,2026-06-01,13.0,42.0,3,318.22,web
1028,946,2026-06-01,21.0,50.0,8,362.1,web
1029,1115,2026-06-01,21.0,46.0,7,127.47,mobile
1030,1502,2026-06-01,26.0,34.0,5,282.25,mobile
1031,1465,2026-06-01,21.0,33.0,10,397.23,web
1032,864,2026-06-01,34.0,21.0,2,140.75,mobile
1033,1060,2026-06-01,24.0,40.0,6,98.8,mobile
1034,817,2026-06-01,33.0,40.0,6,123.08,web
1035,1280,2026-06-01,79.0,42.0,7,317.0,web
1036,1583,2026-06-01,65.0,43.0,3,401.8,store
1037,346,2026-06-01,42.0,39.0,7,430.4,mobile
1038,901,2026-06-01,71.0,49.0,1,48.33,store
1039,1117,2026-06-01,8.0,3.0,5,257.62,mobile
1040,1529,2026-06-01,75.0,38.0,5,327.92,web
1041,1061,2026-06-01,69.0,16.0,5,12.12,web
1042,470,2026-06-01,59.0,25.0,6,513.32,mobile
1043,931,2026-06-01,95.0,20.0,8,495.17,store
1044,952,2026-06-01,65.0,15.0,8,102.54,mobile
1045,1270,2026-06-01,67.0,21.0,6,171.09,mobile
1046,939,2026-06-01,46.0,39.0,1,462.87,mobile
1047,803,2026-06-01,100.0,2.0,10,352.84,mobile
1048,1521,2026-06-01,25.0,43.0,7,416.07,web
1049,1367,2026-06-01,41.0,27.0,8,569.71,mobile
1050,707,2026-06-01,79.0,15.0,3,107.57,mobile
1051,627,2026-06-01,42.0,11.0,1,273.28,mobile
1052,918,2026-06-01,2.0,39.0,6,468.34,mobile
1053,1460,2026-06-01,97.0,25.0,7,450.95,mobile
1054,549,2026-06-01,42.0,27.0,2,538.65,store
1055,370,2026-06-01,85.0,37.0,10,459.88,web
1056,1068,2026-06-01,45.0,21.0,5,173.72,store
1057,690,2026-06-01,40.0,12.0,4,533.28,mobile
1058,177,2026-06-01,5.0,46.0,10,125.93,store
1059,624,2026-06-01,78.0,35.0,5,513.19,mobile
1060,961,2026-06-01,53.0,1.0,7,110.49,store
1061,1126,2026-06-01,15.0,22.0,8,62.23,store
1062,1159,2026-06-01,11.0,10.0,6,434.29,web
1063,275,2026-06-01,78.0,14.0,8,49.4,mobile
1064,1486,2026-06-01,36.0,31.0,3,23.98,store
1065,1075,2026-06-01,100.0,49.0,5,46.69,web
1066,1655,2026-06-01,27.0,50.0,9,333.0,web
1067,1281,2026-06-01,50.0,20.0,9,422.27,mobile
1068,975,2026-06-01,61.0,13.0,8,509.51,web
1069,439,2026-06-01,93.0,3.0,4,237.2,store
1070,534,2026-06-01,51.0,35.0,3,600.73,store
1071,663,2026-06-01,89.0,29.0,5,693.69,mobile
1072,662,2026-06-01,63.0,7.0,9,66.84,web
1073,1418,2026-06-01,30.0,29.0,8,697.33,web
1074,123,2026-06-01,82.0,34.0,10,284.14,store
1075,44,2026-06-01,23.0,19.0,3,555.88,mobile
1076,1135,2026-06-01,51.0,29.0,8,687.63,mobile
1077,142,2026-06-01,97.0,26.0,9,36.76,web
1078,74,2026-06-01,54.0,21.0,10,159.88,web
1079,1390,2026-06-01,97.0,9.0,2,527.97,web
1080,1065,2026-06-01,57.0,36.0,5,55.72,web
1081,213,2026-06-01,60.0,11.0,8,223.57,mobile
1082,322,2026-06-01,9.0,8.0,3,142.6,web
1083,1238,2026-06-01,47.0,34.0,5,308.36,mobile
1084,1525,2026-06-01,40.0,20.0,7,436.22,mobile
1085,415,2026-06-01,55.0,41.0,9,342.25,web
1086,1208,2026-06-01,85.0,37.0,7,472.29,mobile
1087,159,2026-06-01,3.0,47.0,4,370.48,store
1088,127,2026-06-01,26.0,39.0,9,465.9,web
1089,1226,2026-06-01,44.0,33.0,1,377.73,web
1090,329,2026-06-01,47.0,27.0,1,603.3,mobile
1091,1153,2026-06-01,95.0,1.0,9,111.3,web
1092,47,2026-06-01,15.0,11.0,3,270.01,store
1093,496,2026-06-01,60.0,1.0,9,95.65,web
1094,341,2026-06-01,37.0,50.0,1,308.2,store
1095,921,2026-06-01,83.0,36.0,7,69.95,store
1096,1060,2026-06-01,64.0,15.0,7,105.34,store
1097,328,2026-06-01,31.0,3.0,6,242.56,mobile
1098,539,2026-06-01,2.0,6.0,5,403.25,store
1099,1047,2026-06-01,52.0,43.0,2,449.17,store
1100,1359,2026-06-01,18.0,25.0,8,458.8,web
1101,538,2026-06-01,36.0,37.0,1,558.32,web
1102,1088,2026-06-01,54.0,9.0,7,521.75,store
1103,144,2026-06-01,19.0,18.0,2,11.42,web
1104,1413,2026-06-01,42.0,35.0,8,516.2,store
1105,750,2026-06-01,99.0,,10,563.37,store
1106,466,2026-06-01,55.0,44.0,7,467.34,mobile
1107,1406,2026-06-01,52.0,18.0,9,12.19,mobile
1108,1554,2026-06-01,26.0,44.0,3,489.47,web
1109,457,2026-06-01,56.0,6.0,3,452.3,web
1110,1044,2026-06-01,99.0,13.0,9,455.4,web
1111,1043,2026-06-01,99.0,47.0,3,389.84,store
1112,1251,2026-06-01,56.0,6.0,5,415.48,web
1113,1371,2026-06-01,29.0,13.0,6,436.59,store
1114,1336,2026-06-01,66.0,42.0,10,316.91,mobile
1115,1359,2026-06-01,32.0,11.0,4,262.71,mobile
1116,1061,2026-06-01,5.0,28.0,2,631.85,mobile
1117,1033,2026-06-01,9.0,2.0,10,303.94,mobile
1118,752,2026-06-01,100.0,3.0,6,259.6,store
1119,687,2026-06-01,72.0,45.0,10,495.33,web
1120,1584,2026-06-01,10.0,43.0,5,401.95,web
1121,1257,2026-06-01,46.0,48.0,5,450.36,store
1122,1226,2026-06-01,60.0,18.0,10,10.94,web
1123,1536,2026-06-01,92.0,42.0,4,360.08,web
1124,1064,2026-06-01,92.0,4.0,10,627.83,store
1125,278,2026-06-01,96.0,27.0,6,491.87,mobile
1126,938,2026-06-01,81.0,42.0,9,375.64,store
1127,519,2026-06-01,51.0,45.0,1,435.35,mobile
1128,556,2026-06-01,57.0,23.0,10,396.55,mobile
1129,529,2026-06-01,75.0,44.0,6,460.27,mobile
1130,1142,2026-06-01,68.0,50.0,2,377.4,mobile
1131,1009,2026-06-01,40.0,1.0,1,101.58,mobile
1132,182,2026-06-01,20.0,49.0,10,46.4,store
1133,1455,2026-06-01,14.0,49.0,8,51.55,web
1134,1431,2026-06-01,86.0,36.0,7,62.57,mobile
1135,547,2026-06-01,94.0,31.0,2,26.75,mobile
1136,1317,2026-06-01,36.0,48.0,4,426.33,store
1137,668,2026-06-01,100.0,15.0,7,97.46,mobile
1138,1428,2026-06-01,28.0,5.0,1,423.69,store
1139,988,2026-06-01,85.0,14.0,5,49.68,web
1140,752,2026-06-01,64.0,15.0,6,107.1,mobile
1141,684,2026-06-01,32.0,25.0,2,513.09,web
1142,512,2026-06-01,7.0,43.0,3,369.53,mobile
1143,1273,2026-06-01,47.0,15.0,9,108.49,mobile
1144,1149,2026-06-01,63.0,14.0,3,51.25,web
1145,471,2026-06-01,44.0,23.0,1,424.48,mobile
1146,679,2026-06-01,70.0,4.0,1,705.47,mobile
1147,1216,2026-06-01,20.0,3.0,6,287.88,store
1148,817,2026-06-01,78.0,23.0,7,442.13,store
1149,1075,2026-06-01,100.0,35.0,7,532.75,store
1150,1424,2026-06-01,90.0,3.0,1,264.9,mobile
1151,1417,2026-06-01,73.0,34.0,7,266.68,store
1152,520,2026-06-01,25.0,25.0,7,458.34,mobile
1153,1043,2026-06-01,73.0,29.0,10,622.64,mobile
1154,967,2026-06-01,14.0,16.0,8,11.8,store
1155,29,2026-06-01,70.0,29.0,8,772.15,mobile
1156,391,2026-06-01,56.0,45.0,9,488.42,store
1157,1376,2026-06-01,68.0,46.0,10,122.49,web
1158,1540,2026-06-01,70.0,36.0,1,62.22,store
1159,1155,2026-06-01,15.0,30.0,1,399.99,web
1160,1481,2026-06-01,78.0,28.0,6,523.95,mobile
1161,1606,2026-06-01,78.0,20.0,2,416.07,mobile
1162,1186,2026-06-01,95.0,25.0,2,539.78,web
1163,537,2026-06-01,97.0,47.0,1,352.25,mobile
1164,419,2026-06-01,80.0,5.0,8,456.32,store
1165,1399,2026-06-01,,25.0,1,513.06,store
1166,1300,2026-06-01,40.0,20.0,5,448.17,mobile
1167,1109,2026-06-01,71.0,47.0,-5,450.86,web
1168,529,2026-06-01,70.0,17.0,6,421.8,web
1169,678,2026-06-01,79.0,35.0,3,568.31,mobile
1170,1179,2026-06-01,29.0,4.0,6,698.72,mobile
1171,1470,2026-06-01,39.0,20.0,3,490.11,store
1172,435,2026-06-01,49.0,36.0,7,57.91,web
1173,1662,2026-06-01,80.0,5.0,8,422.93,web
1174,832,2026-06-01,74.0,32.0,7,215.91,mobile
1175,35,2026-06-01,35.0,21.0,8,171.32,store
1176,410,2026-06-01,3.0,30.0,2,349.89,mobile
1177,1542,2026-06-01,48.0,45.0,3,453.34,store
1178,1165,2026-06-01,86.0,28.0,6,631.91,web
1179,1356,2026-06-01,46.0,7.0,4,0.0,web
1180,285,2026-06-01,23.0,45.0,7,447.15,web
1181,1398,2026-06-01,5.0,27.0,7,491.32,mobile
1182,835,2026-06-01,,49.0,2,50.15,store
1183,428,2026-06-01,61.0,46.0,4,140.92,mobile
1184,672,2026-06-01,39.0,6.0,2,411.73,mobile
1185,1519,2026-06-01,8.0,25.0,1,475.84,mobile
1186,1506,2026-06-01,29.0,2.0,7,282.67,mobile
1187,254,2026-06-01,3.0,4.0,9,616.35,store
1188,481,2026-06-01,80.0,42.0,1,375.03,store
1189,738,2026-06-01,99.0,12.0,9,473.75,store
1190,267,2026-06-01,55.0,25.0,8,548.79,mobile
1191,1147,2026-06-01,8.0,22.0,6,68.66,store
1192,765,2026-06-01,2.0,39.0,7,525.3,mobile
1193,882,2026-06-01,27.0,38.0,5,285.49,store
1194,687,2026-06-01,97.0,3.0,2,282.66,store
1195,177,2026-06-01,74.0,49.0,8,44.21,web
1196,1593,2026-06-01,9.0,8.0,1,142.17,store
1197,995,2026-06-01,31.0,43.0,-5,355.64,web
1198,1665,2026-06-01,80.0,5.0,9,494.07,web
1199,207,2026-06-01,63.0,9.0,9,433.47,web
1200,756,2026-06-01,12.0,9.0,8,479.71,mobile
1201,558,2026-06-01,58.0,17.0,3,512.14,web
1202,1572,2026-06-01,7.0,23.0,1,389.14,store
1203,1449,2026-06-01,60.0,23.0,9,341.43,mobile
1204,685,2026-06-01,100.0,9.0,10,486.03,web
1205,1156,2026-06-01,11.0,2.0,3,349.01,web
1206,358,2026-06-01,55.0,48.0,6,529.07,web
1207,793,2026-06-01,74.0,45.0,6,391.25,web
1208,106,2026-06-01,18.0,24.0,5,509.54,web
1209,135,2026-06-01,4.0,35.0,7,499.11,store
1210,299,2026-06-01,45.0,49.0,8,55.28,web
1211,195,2026-06-01,25.0,35.0,7,482.76,store
1212,442,2026-06-01,11.0,23.0,6,424.66,mobile
1213,515,2026-06-01,50.0,18.0,-3,11.03,mobile
1214,1576,2026-06-01,15.0,26.0,8,38.77,web
1215,497,2026-06-01,26.0,36.0,1,56.68,mobile
1216,403,2026-06-01,,11.0,5,223.57,mobile
1217,649,2026-06-01,8.0,29.0,5,791.83,web
1218,797,2026-06-01,59.0,1.0,7,86.15,mobile
1219,689,2026-06-01,82.0,47.0,6,387.47,web
1220,571,2026-06-01,58.0,20.0,6,395.83,mobile
1221,1329,2026-06-01,37.0,23.0,8,364.59,mobile
1222,724,2026-06-01,92.0,27.0,2,505.12,mobile
1223,216,2026-06-01,90.0,31.0,4,25.63,web
1224,29,2026-06-01,38.0,2.0,10,325.62,web
1225,918,2026-06-01,47.0,,8,489.96,store
1226,1521,2026-06-01,39.0,3.0,8,232.94,mobile
1227,107,2026-06-01,87.0,34.0,3,346.36,store
1228,301,2026-06-01,4.0,6.0,6,380.98,web
1229,850,2026-06-01,89.0,41.0,2,435.19,store
1230,697,2026-06-01,19.0,20.0,10,507.4,mobile
1231,1232,2026-06-01,100.0,34.0,7,308.42,mobile
1232,1511,2026-06-01,68.0,42.0,5,318.88,store
1233,120,2026-06-01,12.0,20.0,4,405.95,web
1234,1595,2026-06-01,35.0,35.0,6,588.23,web
1235,881,2026-06-01,40.0,48.0,10,494.54,web
1236,1416,2026-06-01,23.0,43.0,6,439.36,web
1237,1340,2026-06-01,65.0,44.0,1,393.45,web
1238,1219,2026-06-01,15.0,19.0,10,546.1,store
1239,412,2026-06-01,54.0,22.0,7,65.22,store
1240,1378,2026-06-01,78.0,1.0,2,92.94,web
1241,715,2026-06-01,18.0,32.0,6,192.09,mobile
1242,1340,2026-06-01,39.0,15.0,8,108.43,mobile
1243,1464,2026-06-01,26.0,30.0,4,371.84,mobile
1244,1354,2026-06-01,90.0,39.0,5,436.76,store
1245,970,2026-06-01,63.0,3.0,5,261.22,mobile
1246,79,2026-06-01,41.0,2.0,7,281.35,store
1247,1030,2026-06-01,17.0,17.0,6,544.87,store
1248,790,2026-06-01,91.0,41.0,5,352.22,store
1249,666,2026-06-01,22.0,11.0,2,263.47,web
1250,799,2026-06-01,83.0,41.0,9,379.98,web
1251,522,2026-06-01,75.0,49.0,9,54.39,store
1252,386,2026-06-01,92.0,17.0,6,450.64,web
1253,1,2026-06-01,24.0,22.0,9,62.87,mobile
1254,1554,2026-06-01,66.0,9.0,7,476.57,store
1255,503,2026-06-01,34.0,38.0,1,315.92,store
1256,1157,2026-06-01,13.0,43.0,3,373.7,web
1257,1426,2026-06-01,66.0,47.0,6,432.2,store
1258,91,2026-06-01,68.0,20.0,4,480.44,store
1259,284,2026-06-01,54.0,34.0,3,339.43,mobile
1260,554,2026-06-01,98.0,11.0,8,222.08,mobile
1261,1328,2026-06-01,58.0,2.0,7,334.59,store
1262,1431,2026-06-01,22.0,22.0,1,65.87,store
1263,1147,2026-06-01,81.0,48.0,6,452.79,store
1264,469,2026-06-01,72.0,38.0,3,311.01,web
1265,261,2026-06-01,88.0,34.0,2,335.38,web
1266,1393,2026-06-01,39.0,40.0,3,121.01,web
1267,80,2026-06-01,17.0,22.0,5,54.94,web
1268,890,2026-06-01,42.0,4.0,10,562.24,store
1269,894,2026-06-01,6.0,29.0,2,786.77,store
1270,532,2026-06-01,53.0,43.0,8,354.72,web
1271,970,2026-06-01,29.0,33.0,2,420.5,mobile
1272,1611,2026-06-01,35.0,9.0,8,436.55,mobile
1273,457,2026-06-01,14.0,25.0,9,570.54,web
1274,1105,2026-06-01,43.0,35.0,5,477.54,web
1275,1098,2026-06-01,87.0,16.0,8,11.47,web
1276,597,2026-06-01,92.0,44.0,2,483.15,mobile
1277,541,2026-06-01,60.0,18.0,8,11.95,web
1278,192,2026-06-01,73.0,2.0,9,326.58,web
1279,538,2026-06-01,73.0,46.0,5,122.94,store
1280,1466,2026-06-01,100.0,42.0,8,358.77,web
1281,712,2026-06-01,99.0,23.0,5,345.39,mobile
1282,894,2026-06-01,11.0,33.0,8,441.62,store
1283,1047,2026-06-01,75.0,46.0,1,121.25,mobile
1284,1226,2026-06-01,53.0,24.0,2,490.93,store
1285,709,2026-06-01,64.0,35.0,6,506.9,store
1286,49,2026-06-01,28.0,8.0,7,173.29,mobile
1287,1341,2026-06-01,64.0,20.0,2,393.84,mobile
1288,676,2026-06-01,78.0,2.0,4,348.61,mobile
1289,1551,2026-06-01,10.0,33.0,4,455.94,web
1290,778,2026-06-01,70.0,33.0,5,400.57,web
1291,260,2026-06-01,99.0,42.0,9,393.89,web
1292,1121,2026-06-01,20.0,43.0,-8,449.05,store
1293,925,2026-06-01,38.0,49.0,3,44.14,store
1294,533,2026-06-01,44.0,22.0,2,66.62,store
1295,628,2026-06-01,53.0,12.0,6,541.89,mobile
1296,310,2026-06-01,64.0,50.0,6,373.16,web
1297,375,2026-06-01,20.0,33.0,8,430.32,web
1298,624,2026-06-01,25.0,16.0,3,12.06,mobile
1299,1433,2026-06-01,85.0,46.0,7,144.14,store
1300,650,2026-06-01,11.0,3.0,9,227.56,web
1301,995,2026-06-01,39.0,49.0,4,48.17,store
1302,371,2026-06-01,95.0,35.0,3,528.87,store
1303,1338,2026-06-01,26.0,20.0,6,399.56,store
1304,1338,2026-06-01,9.0,16.0,6,10.21,mobile
1305,252,2026-06-01,19.0,29.0,8,652.25,web
1306,567,2026-06-01,33.0,30.0,4,403.25,web
1307,1148,2026-06-01,39.0,43.0,9,405.95,web
1308,885,2026-06-01,14.0,15.0,1,100.11,mobile
1309,1395,2026-06-01,79.0,28.0,5,593.81,mobile
1310,351,2026-06-01,69.0,27.0,4,531.74,web
1311,945,2026-06-01,16.0,26.0,2,39.59,web
1312,1298,2026-06-01,42.0,46.0,6,143.12,web
1313,1472,2026-06-01,39.0,46.0,1,120.88,mobile
1314,1615,2026-06-01,73.0,4.0,3,647.31,web
1315,592,2026-06-01,12.0,33.0,10,359.68,web
1316,854,2026-06-01,12.0,26.0,7,42.09,web
1317,1415,2026-06-01,5.0,38.0,1,304.02,web
1318,579,2026-06-01,53.0,45.0,8,0.0,web
1319,227,2026-06-01,85.0,37.0,10,552.7,store
1320,965,2026-06-01,3.0,26.0,6,36.68,store
1321,1157,2026-06-01,41.0,16.0,2,10.48,mobile
1322,541,2026-06-01,98.0,1.0,3,106.07,store
1323,112,2026-06-01,66.0,34.0,4,335.29,mobile
1324,1566,2026-06-01,47.0,39.0,6,451.86,store
1325,1436,2026-06-01,99.0,10.0,1,-45.97,store
1326,419,2026-06-01,49.0,33.0,9,415.99,web
1327,69,2026-06-01,61.0,26.0,7,39.16,web
1328,279,2026-06-01,89.0,32.0,4,186.43,mobile
1329,1412,2026-06-01,64.0,12.0,5,516.86,store
1330,390,2026-06-01,78.0,4.0,3,610.48,store
1331,452,2026-06-01,31.0,30.0,8,401.33,mobile
1332,530,2026-06-01,34.0,10.0,1,460.68,web
1333,507,2026-06-01,80.0,9.0,7,432.96,store
1334,1648,2026-06-01,73.0,43.0,4,372.4,web
1335,607,2026-06-01,37.0,29.0,5,748.37,web
1336,912,2026-06-01,49.0,11.0,6,271.37,mobile
1337,988,2026-06-01,47.0,28.0,10,498.64,web
1338,346,2026-06-01,33.0,23.0,2,366.4,store
1339,71,2026-06-01,59.0,32.0,6,186.16,web
1340,525,2026-06-01,100.0,35.0,6,584.71,store
1341,810,2026-06-01,70.0,24.0,9,476.32,mobile
1342,1609,2026-06-01,35.0,13.0,7,438.4,web
1343,1461,2026-06-01,80.0,31.0,4,26.65,web
1344,1160,2026-06-01,22.0,31.0,4,22.83,web
1345,14,2026-06-01,90.0,2.0,9,293.16,mobile
1346,1602,2026-06-01,82.0,43.0,7,355.02,mobile
1347,663,2026-06-01,71.0,32.0,5,205.4,web
1348,967,2026-06-01,40.0,25.0,7,461.23,web
1349,657,2026-06-01,36.0,5.0,3,512.86,store
1350,1168,2026-06-01,79.0,2.0,10,329.81,mobile
1351,79,2026-06-01,59.0,23.0,8,427.85,mobile
1352,365,2026-06-01,16.0,47.0,1,397.29,mobile
1353,551,2026-06-01,71.0,28.0,1,610.82,mobile
1354,421,2026-06-01,46.0,12.0,9,458.7,web
1355,870,2026-06-01,83.0,37.0,9,496.46,web
1356,610,2026-06-01,88.0,4.0,10,665.03,web
1357,534,2026-06-01,,35.0,5,580.57,web
1358,872,2026-06-01,69.0,41.0,5,436.17,web
1359,943,2026-06-01,76.0,45.0,3,402.34,mobile
1360,757,2026-06-01,51.0,50.0,8,359.65,store
1361,1551,2026-06-01,10.0,25.0,5,449.72,web
1362,22,2026-06-01,41.0,18.0,9,11.74,store
1363,1481,2026-06-01,8.0,29.0,8,683.62,web
1364,894,2026-06-01,58.0,34.0,8,294.86,mobile
1365,566,2026-06-01,20.0,34.0,10,321.79,mobile
1366,1521,2026-06-01,61.0,2.0,9,307.69,web
1367,249,2026-06-01,35.0,21.0,3,155.42,mobile
1368,667,2026-06-01,34.0,20.0,5,395.53,web
1369,1291,2026-06-01,27.0,12.0,8,446.63,web
1370,877,2026-06-01,18.0,37.0,5,480.67,mobile
1371,842,2026-06-01,94.0,6.0,5,430.26,mobile
1372,228,2026-06-01,48.0,38.0,10,299.63,store
1373,474,2026-06-01,68.0,22.0,6,68.2,mobile
1374,601,2026-06-01,93.0,19.0,3,550.74,web
1375,1046,2026-06-01,32.0,37.0,8,518.77,mobile
1376,233,2026-06-01,41.0,29.0,10,667.25,web
1377,836,2026-06-01,100.0,3.0,3,226.98,mobile
1378,1583,2026-06-01,72.0,33.0,3,440.26,web
1379,1596,2026-06-01,52.0,44.0,4,399.56,web
1380,792,2026-06-01,24.0,47.0,3,426.74,store
1381,471,2026-06-01,44.0,10.0,3,496.84,store
1382,624,2026-06-01,11.0,25.0,1,531.81,store
1383,1591,2026-06-01,91.0,39.0,6,505.9,mobile
1384,186,2026-06-01,61.0,33.0,6,448.83,mobile
1385,275,2026-06-01,93.0,19.0,9,472.16,mobile
1386,1053,2026-06-01,85.0,22.0,1,63.94,web
1387,1295,2026-06-01,3.0,23.0,3,371.39,store
1388,112,2026-06-01,93.0,42.0,5,327.06,store
1389,756,2026-06-01,98.0,8.0,1,167.08,mobile
1390,1345,2026-06-01,45.0,2.0,1,289.29,web
1391,1211,2026-06-01,2.0,46.0,6,117.67,web
1392,1359,2026-06-01,41.0,22.0,9,61.9,mobile
1393,1425,2026-06-01,96.0,21.0,9,139.41,store
1394,470,2026-06-01,62.0,16.0,4,11.22,store
1395,30,2026-06-01,27.0,1.0,1,101.4,store
1396,1071,2026-06-01,34.0,29.0,4,783.96,web
1397,755,2026-06-01,92.0,48.0,7,499.22,mobile
1398,1576,2026-06-01,16.0,14.0,10,39.84,web
1399,1573,2026-06-01,6.0,8.0,3,179.4,mobile
1400,162,2026-06-01,,49.0,8,45.8,web
1401,1487,2026-06-01,97.0,48.0,4,502.34,mobile
1402,964,2026-06-01,15.0,,10,410.88,store
1403,1174,2026-06-01,12.0,31.0,10,23.34,store
1404,946,2026-06-01,92.0,3.0,5,222.11,mobile
1405,222,2026-06-01,98.0,28.0,3,601.3,web
1406,449,2026-06-01,88.0,7.0,2,73.47,mobile
1407,1546,2026-06-01,6.0,39.0,2,503.47,web
1408,395,2026-06-01,9.0,6.0,4,389.53,store
1409,1268,2026-06-01,45.0,19.0,1,559.32,mobile
1410,768,2026-06-01,98.0,6.0,2,436.25,store
1411,590,2026-06-01,1.0,10.0,5,497.21,store
1412,929,2026-06-01,71.0,39.0,8,544.38,mobile
1413,1494,2026-06-01,61.0,4.0,6,578.97,mobile
1414,1319,2026-06-01,40.0,25.0,9,477.38,store
1415,1256,2026-06-01,25.0,47.0,7,421.59,store
1416,1004,2026-06-01,33.0,4.0,-2,655.54,store
1417,1052,2026-06-01,70.0,28.0,10,498.82,mobile
1418,744,2026-06-01,29.0,22.0,8,66.22,mobile
1419,688,2026-06-01,85.0,11.0,5,249.35,mobile
1420,1604,2026-06-01,86.0,13.0,5,462.52,store
1421,1585,2026-06-01,84.0,7.0,5,78.51,store
1422,1092,2026-06-01,51.0,15.0,9,105.93,mobile
1423,314,2026-06-01,49.0,45.0,10,451.82,web
1424,1301,2026-06-01,44.0,26.0,10,35.96,web
1425,1348,2026-06-01,78.0,49.0,10,52.1,mobile
1426,1549,2026-06-01,,13.0,4,409.23,mobile
1427,286,2026-06-01,26.0,28.0,2,617.87,mobile
1428,706,2026-06-01,10.0,19.0,2,-47.28,web
1429,691,2026-06-01,9.0,16.0,5,12.1,web
1430,85,2026-06-01,84.0,44.0,6,436.22,store
1431,472,2026-06-01,71.0,48.0,8,509.57,mobile
1432,1526,2026-06-01,8.0,35.0,2,603.27,web
1433,1286,2026-06-01,45.0,33.0,6,398.36,web
1434,11,2026-06-01,98.0,29.0,9,674.24,mobile
1435,775,2026-06-01,11.0,10.0,1,529.19,web
1436,989,2026-06-01,44.0,39.0,7,424.51,mobile
1437,75,2026-06-01,78.0,6.0,1,362.27,store
1438,667,2026-06-01,5.0,12.0,6,497.36,mobile
1439,345,2026-06-01,36.0,27.0,10,573.72,store
1440,1627,2026-06-01,61.0,28.0,9,510.78,web
1441,543,2026-06-01,76.0,7.0,4,78.27,mobile
1442,741,2026-06-01,56.0,4.0,5,695.4,web
1443,1330,2026-06-01,71.0,3.0,10,270.53,store
1444,367,2026-06-01,5.0,32.0,9,192.16,web
1445,1255,2026-06-01,35.0,31.0,9,27.95,web
1446,1632,2026-06-01,49.0,44.0,7,409.07,web
1447,950,2026-06-01,21.0,17.0,8,549.01,mobile
1448,1043,2026-06-01,53.0,36.0,5,63.1,store
1449,1464,2026-06-01,29.0,25.0,4,457.29,mobile
1450,1222,2026-06-01,33.0,13.0,7,432.03,store
1451,152,2026-06-01,33.0,14.0,3,49.8,web
1452,716,2026-06-01,41.0,18.0,8,12.68,mobile
1453,1080,2026-06-01,28.0,35.0,8,581.72,web
1454,1446,2026-06-01,40.0,27.0,4,499.64,web
1455,1239,2026-06-01,,22.0,6,61.28,mobile
1456,240,2026-06-01,42.0,45.0,7,456.16,mobile
1457,369,2026-06-01,73.0,32.0,-5,233.31,mobile
1458,1621,2026-06-01,84.0,16.0,1,12.41,mobile
1459,1634,2026-06-01,28.0,50.0,9,386.63,web
1460,182,2026-06-01,72.0,39.0,8,522.59,store
1461,1208,2026-06-01,100.0,1.0,6,98.01,mobile
1462,1538,2026-06-01,76.0,26.0,4,32.22,web
1463,1189,2026-06-01,26.0,24.0,4,494.43,mobile
1464,1617,2026-06-01,93.0,50.0,4,324.85,mobile
1465,576,2026-06-01,24.0,3.0,5,230.38,store
1466,1085,2026-06-01,28.0,23.0,2,345.16,store
1467,1051,2026-06-01,62.0,36.0,3,61.57,store
1468,313,2026-06-01,50.0,37.0,7,472.6,mobile
1469,793,2026-06-01,46.0,1.0,6,102.06,store
1470,1483,2026-06-01,78.0,13.0,7,525.22,mobile
1471,1114,2026-06-01,85.0,27.0,8,546.14,web
1472,493,2026-06-01,56.0,38.0,1,270.98,web
1473,1174,2026-06-01,68.0,39.0,8,536.28,web
1474,1477,2026-06-01,26.0,11.0,9,255.0,web
1475,1249,2026-06-01,54.0,6.0,6,395.79,store
1476,466,2026-06-01,43.0,34.0,10,303.07,web
1477,40,2026-06-01,12.0,8.0,2,155.4,store
1478,1008,2026-06-01,26.0,6.0,2,391.8,store
1479,978,2026-06-01,80.0,23.0,8,409.82,mobile
1480,847,2026-06-01,34.0,8.0,9,179.11,store
1481,991,2026-06-01,11.0,39.0,2,467.67,web
1482,12,2026-06-01,4.0,5.0,1,467.03,web
1483,1246,2026-06-01,96.0,5.0,5,520.83,store
1484,1550,2026-06-01,66.0,31.0,6,27.03,web
1485,1630,2026-06-01,4.0,49.0,7,47.26,store
1486,569,2026-06-01,36.0,38.0,5,310.82,mobile
1487,1480,2026-06-01,86.0,25.0,1,465.99,mobile
1488,1183,2026-06-01,21.0,45.0,2,473.89,mobile
1489,957,2026-06-01,19.0,38.0,8,265.26,store
1490,1274,2026-06-01,10.0,47.0,9,383.98,mobile
1491,1408,2026-06-01,80.0,40.0,9,113.28,web
1492,1484,2026-06-01,67.0,3.0,10,279.0,store
1493,1595,2026-06-01,88.0,12.0,10,556.83,store
1494,1659,2026-06-01,11.0,30.0,10,368.02,web
1495,1004,2026-06-01,14.0,19.0,8,489.23,store
1496,274,2026-06-01,39.0,4.0,6,699.17,web
1497,1541,2026-06-01,30.0,8.0,7,158.04,store
1498,1223,2026-06-01,4.0,2.0,2,278.11,mobile
1499,1123,2026-06-01,76.0,31.0,10,27.94,mobile
1500,1024,2026-06-01,38.0,30.0,6,351.99,web
1501,1387,2026-06-01,95.0,7.0,5,68.83,web
1502,613,2026-06-01,31.0,50.0,1,351.09,web
1503,1521,2026-06-01,3.0,29.0,7,711.68,store
1504,397,2026-06-01,10.0,7.0,10,65.65,store
1505,1442,2026-06-01,80.0,23.0,1,355.36,web
1506,872,2026-06-01,63.0,2.0,10,297.14,store
1507,337,2026-06-01,79.0,34.0,2,294.35,web
1508,958,2026-06-01,55.0,25.0,4,576.47,web
1509,91,2026-06-01,43.0,4.0,3,709.97,mobile
1510,105,2026-06-01,3.0,23.0,6,363.31,mobile
1511,1525,2026-06-01,75.0,11.0,2,225.45,mobile
1512,554,2026-06-01,37.0,24.0,6,513.09,web
1513,1355,2026-06-01,42.0,2.0,5,345.26,web
1514,728,2026-06-01,59.0,30.0,6,342.05,web
1515,863,2026-06-01,86.0,5.0,8,518.78,store
1516,1418,2026-06-01,21.0,1.0,10,91.68,web
1517,1661,2026-06-01,22.0,16.0,9,11.72,store
1518,284,2026-06-01,56.0,19.0,5,479.57,web
1519,375,2026-06-01,76.0,40.0,1,116.37,store
1520,1006,2026-06-01,52.0,47.0,8,407.76,mobile
1521,495,2026-06-01,68.0,23.0,10,390.12,store
1522,787,2026-06-01,97.0,44.0,8,458.38,store
1523,1186,2026-06-01,41.0,3.0,6,229.86,store
1524,672,2026-06-01,96.0,29.0,6,747.5,web
1525,327,2026-06-01,23.0,50.0,10,402.01,web
1526,1278,2026-06-01,96.0,20.0,3,419.9,mobile
1527,1264,2026-06-01,20.0,1.0,1,110.84,store
1528,290,2026-06-01,93.0,14.0,7,39.74,store
1529,1176,2026-06-01,51.0,25.0,9,580.26,store
1530,1576,2026-06-01,33.0,13.0,5,529.75,web
1531,1384,2026-06-01,77.0,37.0,3,506.71,store
1532,462,2026-06-01,63.0,36.0,7,68.1,mobile
1533,1284,2026-06-01,97.0,43.0,8,417.04,mobile
1534,623,2026-06-01,59.0,15.0,8,99.51,mobile
1535,1215,2026-06-01,83.0,23.0,6,396.0,web
1536,1499,2026-06-01,58.0,24.0,7,521.75,web
1537,1356,2026-06-01,5.0,15.0,2,110.51,mobile
1538,29,2026-06-01,19.0,44.0,5,469.77,web
1539,1553,2026-06-01,9.0,6.0,10,432.47,web
1540,1042,2026-06-01,59.0,29.0,1,695.55,mobile
1541,769,2026-06-01,81.0,38.0,8,319.21,web
1542,507,2026-06-01,37.0,35.0,8,494.48,mobile
1543,388,2026-06-01,87.0,4.0,6,594.69,store
1544,740,2026-06-01,71.0,37.0,2,538.13,web
1545,5,2026-06-01,17.0,37.0,2,494.21,mobile
1546,720,2026-06-01,4.0,28.0,9,522.18,store
1547,265,2026-06-01,45.0,22.0,9,65.06,web
1548,1421,2026-06-01,10.0,6.0,1,428.71,web
1549,1195,2026-06-01,70.0,8.0,4,178.55,mobile
1550,1624,2026-06-01,17.0,8.0,3,176.43,web
1551,135,2026-06-01,5.0,3.0,1,274.48,store
1552,600,2026-06-01,66.0,25.0,1,518.59,store
1553,812,2026-06-01,44.0,35.0,2,496.21,store
1554,782,2026-06-01,47.0,4.0,2,590.25,mobile
1555,778,2026-06-01,27.0,36.0,1,68.95,mobile
1556,48,2026-06-01,77.0,1.0,9,102.91,mobile
1557,1218,2026-06-01,37.0,50.0,8,393.0,web
1558,817,2026-06-01,8.0,41.0,1,439.08,store
1559,1650,2026-06-01,73.0,27.0,10,549.78,web
1560,1077,2026-06-01,23.0,5.0,4,462.77,web
1561,24,2026-06-01,84.0,7.0,9,68.89,web
1562,1243,2026-06-01,5.0,15.0,1,86.85,store
1563,715,2026-06-01,36.0,47.0,7,359.18,store
1564,806,2026-06-01,1.0,37.0,7,509.47,web
1565,838,2026-06-01,55.0,32.0,1,199.18,store
1566,882,2026-06-01,30.0,16.0,5,10.17,mobile
1567,479,2026-06-01,86.0,42.0,9,413.39,store
1568,1302,2026-06-01,41.0,2.0,10,351.38,mobile
1569,756,2026-06-01,58.0,34.0,8,0.0,web
1570,123,2026-06-01,89.0,4.0,7,695.51,mobile
1571,836,2026-06-01,91.0,39.0,4,529.2,store
1572,468,2026-06-01,70.0,15.0,9,110.42,mobile
1573,45,2026-06-01,7.0,19.0,3,545.9,mobile
1574,674,2026-06-01,64.0,17.0,4,479.81,store
1575,358,2026-06-01,51.0,45.0,6,401.9,mobile
1576,1598,2026-06-01,46.0,14.0,3,51.39,mobile
1577,452,2026-06-01,77.0,49.0,7,56.29,store
1578,51,2026-06-01,78.0,29.0,5,712.53,mobile
1579,1135,2026-06-01,57.0,34.0,2,286.29,store
1580,1051,2026-06-01,8.0,7.0,3,75.2,web
1581,396,2026-06-01,48.0,3.0,9,280.49,web
1582,391,2026-06-01,37.0,15.0,6,96.59,web
1583,1492,2026-06-01,94.0,10.0,9,497.29,store
1584,1607,2026-06-01,48.0,28.0,9,596.79,store
1585,117,2026-06-01,19.0,21.0,7,164.16,mobile
1586,958,2026-06-01,46.0,31.0,3,27.99,mobile
1587,505,2026-06-01,42.0,39.0,4,485.04,web
1588,760,2026-06-01,53.0,14.0,9,45.86,web
1589,962,2026-06-01,62.0,21.0,1,172.85,store
1590,1250,2026-06-01,50.0,49.0,6,49.37,store
1591,185,2026-06-01,89.0,29.0,10,695.25,web
1592,813,2026-06-01,32.0,32.0,-1,182.99,mobile
1593,1036,2026-06-01,58.0,37.0,8,534.37,web
1594,43,2026-06-01,72.0,26.0,10,33.06,store
1595,247,2026-06-01,78.0,23.0,4,408.07,web
1596,36,2026-06-01,33.0,19.0,2,475.05,web
1597,1016,2026-06-01,50.0,32.0,2,226.65,web
1598,142,2026-06-01,28.0,8.0,2,144.7,store
1599,484,2026-06-01,62.0,,9,57.17,store
1600,1469,2026-06-01,53.0,42.0,1,351.85,mobile
1601,11,2026-06-01,41.0,19.0,6,514.5,mobile
1602,81,2026-06-01,99.0,42.0,5,404.91,mobile
1603,353,2026-06-01,90.0,10.0,8,453.22,mobile
1604,959,2026-06-01,36.0,29.0,2,633.95,mobile
1605,1266,2026-06-01,12.0,20.0,7,396.45,web
1606,1358,2026-06-01,6.0,44.0,10,458.56,mobile
1607,479,2026-06-01,46.0,11.0,9,280.06,mobile
1608,871,2026-06-01,70.0,44.0,8,400.57,store
1609,1324,2026-06-01,35.0,8.0,3,170.94,web
1610,815,2026-06-01,20.0,23.0,6,419.98,mobile
1611,1619,2026-06-01,46.0,34.0,2,344.39,mobile
1612,1011,2026-06-01,77.0,36.0,10,63.37,mobile
1613,1139,2026-06-01,75.0,37.0,8,548.76,mobile
1614,411,2026-06-01,84.0,47.0,1,389.89,web
1615,154,2026-06-01,5.0,8.0,9,152.64,web
1616,491,2026-06-01,30.0,38.0,10,318.75,web
1617,880,2026-06-01,80.0,39.0,5,481.63,mobile
1618,389,2026-06-01,14.0,35.0,2,575.63,mobile
1619,1360,2026-06-01,29.0,6.0,3,381.19,mobile
1620,395,2026-06-01,16.0,1.0,1,92.38,web
1621,145,2026-06-01,50.0,43.0,1,458.21,mobile
1622,1176,2026-06-01,22.0,19.0,5,534.87,mobile
1623,116,2026-06-01,27.0,8.0,1,147.78,mobile
1624,374,2026-06-01,47.0,40.0,1,102.67,mobile
1625,1292,2026-06-01,80.0,30.0,8,353.83,store
1626,40,2026-06-01,22.0,39.0,6,525.35,store
1627,145,2026-06-01,37.0,18.0,4,11.14,store
1628,742,2026-06-01,93.0,37.0,5,515.89,mobile
1629,780,2026-06-01,44.0,28.0,3,523.45,web
1630,1345,2026-06-01,3.0,29.0,1,745.24,store
1631,384,2026-06-01,52.0,16.0,2,11.47,store
1632,143,2026-06-01,79.0,1.0,1,92.9,store
1633,1354,2026-06-01,55.0,39.0,2,487.96,store
1634,345,2026-06-01,48.0,24.0,7,525.6,store
1635,851,2026-06-01,26.0,17.0,2,544.44,web
1636,1327,2026-06-01,73.0,48.0,7,514.98,store
1637,938,2026-06-01,9.0,36.0,10,55.79,web
1638,1469,2026-06-01,32.0,42.0,8,329.93,web
1639,1607,2026-06-01,58.0,15.0,9,88.1,mobile
1640,1529,2026-06-01,31.0,35.0,6,497.63,web
1641,1263,2026-06-01,15.0,50.0,9,-84.21,mobile
1642,281,2026-06-01,13.0,47.0,3,424.76,web
1643,899,2026-06-01,97.0,18.0,4,12.41,mobile
1644,175,2026-06-01,89.0,4.0,9,569.93,store
1645,1347,2026-06-01,71.0,29.0,7,628.94,web
1646,752,2026-06-01,73.0,36.0,3,62.52,mobile
1647,865,2026-06-01,77.0,40.0,4,113.95,web
1648,832,2026-06-01,32.0,26.0,4,37.08,mobile
1649,255,2026-06-01,35.0,27.0,3,583.15,store
1650,1311,2026-06-01,68.0,7.0,9,71.07,store
1651,1057,2026-06-01,36.0,27.0,6,613.9,store
1652,536,2026-06-01,58.0,43.0,7,367.1,store
1653,1455,2026-06-01,7.0,44.0,7,415.28,mobile
1654,1548,2026-06-01,52.0,40.0,3,119.35,mobile
1655,220,2026-06-01,97.0,34.0,3,267.64,web
1656,1262,2026-06-01,12.0,29.0,9,638.64,store
1657,1497,2026-06-01,15.0,35.0,7,499.16,web
1658,1131,2026-06-01,82.0,24.0,8,574.97,web
1659,1003,2026-06-01,36.0,39.0,3,487.09,web
1660,667,2026-06-01,87.0,7.0,9,72.48,mobile
1661,549,2026-06-01,79.0,13.0,6,461.38,store
1662,1322,2026-06-01,22.0,43.0,4,363.07,web
1663,712,2026-06-01,92.0,10.0,8,447.0,web
1664,43,2026-06-01,1.0,6.0,3,455.51,mobile
1665,408,2026-06-01,8.0,15.0,6,93.56,mobile
1666,219,2026-06-01,73.0,28.0,9,552.82,mobile
1667,1167,2026-06-01,51.0,3.0,7,226.97,mobile
1668,875,2026-06-01,65.0,29.0,5,672.07,mobile
1669,1234,2026-06-01,71.0,6.0,2,360.7,mobile
1670,1531,2026-06-01,94.0,32.0,1,193.49,web
1671,463,2026-06-01,18.0,30.0,10,358.27,web
1672,1373,2026-06-01,94.0,4.0,4,680.77,mobile
1673,947,2026-06-01,75.0,26.0,6,39.2,web
1674,1149,2026-06-01,11.0,4.0,6,657.31,store
1675,1367,2026-06-01,51.0,3.0,5,277.25,store
1676,1563,2026-06-01,86.0,15.0,6,108.02,web
1677,273,2026-06-01,59.0,25.0,3,503.68,web
1678,1267,2026-06-01,16.0,36.0,2,65.88,mobile
1679,590,2026-06-01,10.0,6.0,6,401.01,mobile
1680,1654,2026-06-01,18.0,23.0,8,426.57,store
1681,1510,2026-06-01,72.0,50.0,9,311.01,mobile
1682,1630,2026-06-01,49.0,36.0,9,61.8,store
1683,1313,2026-06-01,11.0,2.0,4,275.44,store
1684,607,2026-06-01,37.0,31.0,8,26.43,mobile
1685,1570,2026-06-01,36.0,34.0,10,272.1,mobile
1686,367,2026-06-01,71.0,29.0,1,652.68,store
1687,652,2026-06-01,51.0,32.0,3,232.06,mobile
1688,1142,2026-06-01,38.0,37.0,7,495.78,mobile
1689,1082,2026-06-01,69.0,26.0,6,39.59,store
1690,259,2026-06-01,57.0,3.0,8,231.62,store
1691,450,2026-06-01,38.0,20.0,2,411.51,store
1692,183,2026-06-01,81.0,45.0,6,480.89,mobile
1693,133,2026-06-01,84.0,25.0,9,522.37,store
1694,545,2026-06-01,100.0,40.0,7,116.7,store
1695,825,2026-06-01,41.0,1.0,3,87.32,store
1696,518,2026-06-01,4.0,25.0,8,567.51,mobile
1697,1447,2026-06-01,11.0,27.0,2,595.44,mobile
1698,1127,2026-06-01,17.0,24.0,6,557.41,mobile
1699,1484,2026-06-01,17.0,21.0,9,139.35,store
1700,637,2026-06-01,46.0,33.0,1,383.32,mobile
1701,700,2026-06-01,16.0,37.0,9,446.42,store
1702,1044,2026-06-01,27.0,9.0,5,489.19,store
1703,1564,2026-06-01,24.0,36.0,5,55.47,store
1704,1577,2026-06-01,19.0,21.0,8,169.91,mobile
1705,1557,2026-06-01,11.0,10.0,1,560.96,store
1706,1218,2026-06-01,80.0,35.0,4,524.14,mobile
1707,217,2026-06-01,80.0,2.0,2,300.93,store
1708,65,2026-06-01,81.0,36.0,9,57.68,store
1709,1429,2026-06-01,18.0,21.0,7,137.84,store
1710,22,2026-06-01,65.0,30.0,7,377.42,web
1711,743,2026-06-01,71.0,18.0,3,10.44,web
1712,515,2026-06-01,67.0,28.0,5,581.29,store
1713,1271,2026-06-01,55.0,23.0,8,349.46,web
1714,1124,2026-06-01,31.0,19.0,3,473.13,store
1715,146,2026-06-01,63.0,9.0,8,510.52,mobile
1716,863,2026-06-01,53.0,1.0,4,103.34,web
1717,1110,2026-06-01,70.0,8.0,3,176.8,store
1718,410,2026-06-01,,37.0,4,466.99,web
1719,750,2026-06-01,79.0,20.0,9,430.73,store
1720,197,2026-06-01,74.0,44.0,8,484.59,web
1721,1055,2026-06-01,53.0,35.0,5,487.26,web
1722,841,2026-06-01,45.0,40.0,8,125.97,web
1723,247,2026-06-01,38.0,8.0,1,148.34,store
1724,1490,2026-06-01,72.0,25.0,3,560.29,mobile
1725,93,2026-06-01,19.0,29.0,9,762.22,mobile
1726,1078,2026-06-01,36.0,3.0,7,246.25,web
1727,851,2026-06-01,43.0,17.0,6,440.85,web
1728,1219,2026-06-01,18.0,11.0,2,254.74,mobile
1729,527,2026-06-01,30.0,17.0,2,477.98,mobile
1730,1546,2026-06-01,29.0,23.0,9,373.69,web
1731,1361,2026-06-01,78.0,49.0,6,56.78,store
1732,497,2026-06-01,17.0,35.0,10,497.28,store
1733,489,2026-06-01,34.0,16.0,7,12.92,web
1734,168,2026-06-01,60.0,37.0,10,469.02,store
1735,782,2026-06-01,27.0,17.0,2,529.21,mobile
1736,824,2026-06-01,32.0,17.0,8,513.15,store
1737,949,2026-06-01,47.0,21.0,1,167.8,mobile
1738,1603,2026-06-01,77.0,15.0,7,112.6,store
1739,1501,2026-06-01,90.0,1.0,10,105.43,store
1740,169,2026-06-01,63.0,46.0,7,138.0,web
1741,547,2026-06-01,66.0,41.0,10,380.37,store
1742,1110,2026-06-01,13.0,5.0,5,440.89,mobile
1743,445,2026-06-01,76.0,14.0,6,45.0,store
1744,44,2026-06-01,18.0,7.0,2,75.97,store
1745,1479,2026-06-01,31.0,16.0,6,11.88,store
1746,1368,2026-06-01,49.0,34.0,7,293.13,web
1747,884,2026-06-01,77.0,31.0,6,28.04,mobile
1748,378,2026-06-01,72.0,12.0,3,465.3,store
1749,1545,2026-06-01,41.0,15.0,6,104.23,web
1750,402,2026-06-01,42.0,29.0,10,688.73,mobile
1751,429,2026-06-01,68.0,20.0,10,404.58,store
1752,944,2026-06-01,34.0,28.0,5,590.68,mobile
1753,478,2026-06-01,45.0,47.0,8,437.02,mobile
1754,1340,2026-06-01,23.0,11.0,8,267.19,mobile
1755,1151,2026-06-01,66.0,26.0,5,36.61,store
1756,70,2026-06-01,6.0,22.0,1,53.5,web
1757,1415,2026-06-01,2.0,1.0,2,88.66,web
1758,1262,2026-06-01,68.0,29.0,4,809.91,web
1759,942,2026-06-01,74.0,35.0,3,511.22,store
1760,1281,2026-06-01,5.0,22.0,5,64.47,web
1761,465,2026-06-01,13.0,13.0,6,536.03,mobile
1762,1440,2026-06-01,10.0,44.0,2,496.97,mobile
1763,877,2026-06-01,50.0,19.0,6,439.81,mobile
1764,846,2026-06-01,78.0,50.0,5,311.6,mobile
1765,151,2026-06-01,33.0,26.0,5,37.75,store
1766,991,2026-06-01,82.0,46.0,1,144.25,mobile
1767,1518,2026-06-01,74.0,31.0,5,27.43,store
1768,294,2026-06-01,64.0,9.0,7,481.25,store
1769,1362,2026-06-01,97.0,44.0,1,493.83,web
1770,343,2026-06-01,81.0,36.0,9,63.77,mobile
1771,1470,2026-06-01,88.0,20.0,2,403.88,web
1772,545,2026-06-01,45.0,22.0,9,64.16,web
1773,508,2026-06-01,70.0,3.0,8,258.07,store
1774,1134,2026-06-01,99.0,5.0,9,503.98,web
1775,1605,2026-06-01,87.0,18.0,8,10.83,web
1776,1454,2026-06-01,77.0,12.0,4,556.6,store
1777,504,2026-06-01,19.0,25.0,2,563.99,web
1778,512,2026-06-01,4.0,6.0,10,378.94,mobile
1779,1145,2026-06-01,86.0,18.0,5,10.16,web
1780,1243,2026-06-01,69.0,23.0,1,412.58,mobile
1781,104,2026-06-01,74.0,11.0,1,224.67,web
1782,380,2026-06-01,82.0,30.0,6,356.71,mobile
1783,1551,2026-06-01,93.0,16.0,9,11.67,store
1784,998,2026-06-01,47.0,11.0,5,274.09,mobile
1785,143,2026-06-01,20.0,39.0,9,462.54,mobile
1786,1356,2026-06-01,96.0,16.0,8,11.1,store
1787,411,2026-06-01,99.0,28.0,4,529.89,store
1788,617,2026-06-01,39.0,7.0,7,71.68,store
1789,987,2026-06-01,5.0,46.0,4,144.46,store
1790,949,2026-06-01,81.0,3.0,10,265.57,store
1791,724,2026-06-01,1.0,33.0,10,386.88,mobile
1792,591,2026-06-01,30.0,6.0,3,383.39,mobile
1793,1492,2026-06-01,38.0,29.0,1,635.7,mobile
1794,1261,2026-06-01,59.0,24.0,4,518.8,web
1795,388,2026-06-01,87.0,4.0,7,655.41,web
1796,1485,2026-06-01,1.0,9.0,5,452.46,store
1797,186,2026-06-01,16.0,20.0,5,466.55,web
1798,368,2026-06-01,40.0,38.0,1,330.43,mobile
1799,1084,2026-06-01,84.0,33.0,4,397.22,mobile
1800,412,2026-06-01,39.0,24.0,3,494.9,mobile
1801,1068,2026-06-01,81.0,6.0,7,450.23,store
1802,627,2026-06-01,46.0,28.0,5,0.0,web
1803,1471,2026-06-01,67.0,12.0,9,446.69,web
1804,441,2026-06-01,50.0,19.0,7,497.49,mobile
1805,950,2026-06-01,96.0,13.0,2,508.67,store
1806,1531,2026-06-01,16.0,50.0,3,311.14,store
1807,208,2026-06-01,56.0,32.0,6,186.06,mobile
1808,328,2026-06-01,3.0,35.0,-5,490.59,mobile
1809,715,2026-06-01,38.0,30.0,10,333.2,web
1810,373,2026-06-01,13.0,46.0,5,126.3,store
1811,958,2026-06-01,95.0,29.0,7,787.5,mobile
1812,1142,2026-06-01,56.0,6.0,2,369.91,store
1813,744,2026-06-01,39.0,13.0,3,467.92,store
1814,786,2026-06-01,56.0,22.0,2,56.22,web
1815,809,2026-06-01,68.0,23.0,3,401.68,store
1816,1556,2026-06-01,67.0,10.0,9,447.37,store
1817,7,2026-06-01,20.0,5.0,5,536.43,store
1818,163,2026-06-01,2.0,1.0,5,103.14,mobile
1819,1135,2026-06-01,100.0,22.0,9,67.99,store
1820,1353,2026-06-01,93.0,49.0,2,47.48,mobile
1821,1140,2026-06-01,84.0,18.0,2,12.75,mobile
1822,1580,2026-06-01,9.0,35.0,4,516.58,store
1823,132,2026-06-01,27.0,38.0,4,325.86,mobile
1824,1322,2026-06-01,55.0,25.0,6,567.75,mobile
1825,3,2026-06-01,53.0,7.0,3,64.83,mobile
1826,700,2026-06-01,84.0,45.0,10,426.16,mobile
1827,1243,2026-06-01,73.0,6.0,7,462.46,mobile
1828,670,2026-06-01,66.0,35.0,9,502.1,mobile
1829,107,2026-06-01,66.0,18.0,4,12.57,store
1830,1591,2026-06-01,89.0,43.0,7,438.3,store
1831,1135,2026-06-01,18.0,13.0,9,415.75,store
1832,1248,2026-06-01,44.0,50.0,10,324.98,store
1833,1384,2026-06-01,64.0,27.0,5,539.87,store
1834,889,2026-06-01,77.0,14.0,1,42.62,mobile
1835,381,2026-06-01,85.0,9.0,5,452.74,web
1836,1026,2026-06-01,94.0,13.0,2,508.61,web
1837,1162,2026-06-01,79.0,3.0,3,227.22,mobile
1838,1071,2026-06-01,17.0,33.0,6,394.98,mobile
1839,841,2026-06-01,61.0,44.0,3,428.96,store
1840,682,2026-06-01,23.0,11.0,7,275.16,mobile
1841,1580,2026-06-01,12.0,9.0,4,471.45,mobile
1842,897,2026-06-01,61.0,36.0,3,58.64,mobile
1843,917,2026-06-01,52.0,18.0,9,12.78,web
1844,1142,2026-06-01,89.0,7.0,10,66.6,web
1845,317,2026-06-01,94.0,17.0,5,542.7,mobile
1846,1401,2026-06-01,64.0,7.0,3,60.59,store
1847,278,2026-06-01,61.0,1.0,4,86.92,web
1848,1047,2026-06-01,25.0,42.0,1,384.37,web
1849,502,2026-06-01,21.0,49.0,4,57.29,mobile
1850,882,2026-06-01,43.0,6.0,7,356.9,mobile
1851,1109,2026-06-01,46.0,21.0,3,160.76,web
1852,1208,2026-06-01,5.0,1.0,2,94.5,mobile
1853,330,2026-06-01,2.0,50.0,1,384.53,mobile
1854,408,2026-06-01,100.0,12.0,1,480.14,web
1855,1365,2026-06-01,51.0,48.0,1,527.76,web
1856,551,2026-06-01,84.0,18.0,7,12.19,mobile
1857,1110,2026-06-01,89.0,14.0,2,45.59,mobile
1858,212,2026-06-01,77.0,1.0,6,106.42,store
1859,1250,2026-06-01,99.0,22.0,-6,59.1,store
1860,1587,2026-06-01,18.0,38.0,4,310.31,web
1861,1,2026-06-01,57.0,31.0,8,28.48,store
1862,496,2026-06-01,100.0,44.0,7,408.92,web
1863,1442,2026-06-01,42.0,4.0,1,651.93,mobile
1864,194,2026-06-01,94.0,22.0,8,63.14,mobile
1865,1426,2026-06-01,37.0,25.0,4,566.14,store
1866,1220,2026-06-01,76.0,43.0,2,423.32,store
1867,934,2026-06-01,18.0,7.0,1,78.5,web
1868,1429,2026-06-01,71.0,47.0,4,449.92,web
1869,304,2026-06-01,88.0,22.0,4,56.01,web
1870,841,2026-06-01,89.0,10.0,4,479.73,mobile
1871,953,2026-06-01,81.0,37.0,1,452.6,mobile
1872,1011,2026-06-01,37.0,7.0,2,66.04,store
1873,1657,2026-06-01,92.0,45.0,6,468.29,web
1874,39,2026-06-01,67.0,21.0,7,159.21,web
1875,601,2026-06-01,4.0,24.0,6,591.19,web
1876,1013,2026-06-01,57.0,16.0,2,-52.0,store
1877,548,2026-06-01,39.0,11.0,5,221.41,web
1878,1437,2026-06-01,77.0,42.0,6,403.38,mobile
1879,1439,2026-06-01,72.0,48.0,9,479.16,web
1880,384,2026-06-01,8.0,20.0,3,398.19,mobile
1881,1395,2026-06-01,73.0,32.0,2,230.19,store
1882,431,2026-06-01,89.0,35.0,6,475.84,store
1883,161,2026-06-01,8.0,25.0,9,-7.39,store
1884,925,2026-06-01,28.0,14.0,8,43.17,web
1885,452,2026-06-01,28.0,8.0,1,163.36,web
1886,283,2026-06-01,33.0,34.0,4,299.09,store
1887,1440,2026-06-01,3.0,9.0,1,417.54,web
1888,434,2026-06-01,54.0,46.0,2,132.03,web
1889,672,2026-06-01,50.0,24.0,1,552.2,mobile
1890,713,2026-06-01,33.0,45.0,4,410.33,store
1891,479,2026-06-01,18.0,20.0,5,412.74,mobile
1892,85,2026-06-01,79.0,31.0,4,22.35,web
1893,432,2026-06-01,80.0,10.0,2,456.35,store
1894,1460,2026-06-01,33.0,43.0,1,401.69,mobile
1895,647,2026-06-01,66.0,13.0,6,500.52,store
1896,374,2026-06-01,28.0,27.0,4,606.39,store
1897,190,2026-06-01,25.0,11.0,6,223.75,store
1898,239,2026-06-01,64.0,19.0,2,496.84,mobile
1899,319,2026-06-01,45.0,47.0,8,414.53,web
1900,1394,2026-06-01,97.0,4.0,4,703.82,web
1901,306,2026-06-01,28.0,22.0,7,56.72,mobile
1902,1328,2026-06-01,67.0,12.0,5,530.32,store
1903,286,2026-06-01,25.0,19.0,5,524.66,store
1904,1488,2026-06-01,16.0,16.0,1,10.29,web
1905,1350,2026-06-01,51.0,22.0,9,64.47,mobile
1906,788,2026-06-01,92.0,38.0,5,296.52,mobile
1907,1578,2026-06-01,18.0,33.0,1,398.05,mobile
1908,164,2026-06-01,32.0,2.0,10,310.47,web
1909,837,2026-06-01,71.0,9.0,2,477.81,store
1910,1535,2026-06-01,40.0,,7,247.09,web
1911,912,2026-06-01,82.0,9.0,9,474.08,store
1912,377,2026-06-01,44.0,3.0,7,289.77,store
1913,637,2026-06-01,9.0,22.0,3,68.47,web
1914,895,2026-06-01,90.0,41.0,6,424.05,mobile
1915,76,2026-06-01,67.0,40.0,10,108.95,mobile
1916,935,2026-06-01,10.0,7.0,5,71.14,store
1917,1050,2026-06-01,65.0,28.0,8,597.98,mobile
1918,883,2026-06-01,45.0,42.0,1,362.89,web
1919,776,2026-06-01,95.0,32.0,1,206.12,mobile
1920,317,2026-06-01,84.0,23.0,7,340.41,web
1921,151,2026-06-01,37.0,34.0,3,337.98,store
1922,1023,2026-06-01,34.0,32.0,1,217.34,web
1923,1563,2026-06-01,32.0,6.0,2,357.74,web
1924,532,2026-06-01,32.0,21.0,9,156.83,store
1925,432,2026-06-01,37.0,15.0,2,105.9,mobile
1926,300,2026-06-01,13.0,34.0,2,276.36,mobile
1927,127,2026-06-01,92.0,13.0,2,441.39,store
1928,1282,2026-06-01,35.0,29.0,10,664.6,store
1929,266,2026-06-01,70.0,23.0,7,363.49,store
1930,96,2026-06-01,43.0,5.0,2,435.19,mobile
1931,795,2026-06-01,58.0,19.0,10,478.97,store
1932,410,2026-06-01,79.0,50.0,3,358.18,web
1933,1563,2026-06-01,71.0,2.0,1,276.45,mobile
1934,936,2026-06-01,46.0,6.0,4,405.0,store
1935,1207,2026-06-01,63.0,25.0,4,468.56,web
1936,30,2026-06-01,30.0,49.0,3,52.99,web
1937,1405,2026-06-01,44.0,24.0,4,597.08,store
1938,930,2026-06-01,70.0,3.0,5,277.3,mobile
1939,191,2026-06-01,94.0,13.0,5,504.16,web
1940,1489,2026-06-01,86.0,20.0,10,494.41,mobile
1941,543,2026-06-01,76.0,45.0,1,480.76,mobile
1942,450,2026-06-01,91.0,35.0,5,556.53,store
1943,1190,2026-06-01,82.0,35.0,10,604.4,mobile
1944,793,2026-06-01,3.0,28.0,7,599.48,web
1945,672,2026-06-01,74.0,3.0,5,290.12,web
1946,517,2026-06-01,43.0,13.0,3,416.04,store
1947,124,2026-06-01,89.0,16.0,7,11.25,web
1948,1367,2026-06-01,90.0,36.0,10,68.96,mobile
1949,1324,2026-06-01,63.0,32.0,8,209.19,web
1950,188,2026-06-01,52.0,8.0,5,145.27,web
1951,764,2026-06-01,91.0,32.0,10,196.16,web
1952,1055,2026-06-01,68.0,22.0,3,68.87,mobile
1953,294,2026-06-01,84.0,33.0,7,378.54,store
1954,59,2026-06-01,52.0,31.0,5,23.83,mobile
1955,247,2026-06-01,30.0,14.0,10,43.51,store
1956,1177,2026-06-01,86.0,25.0,9,-91.58,store
1957,1297,2026-06-01,34.0,28.0,9,497.05,web
1958,794,2026-06-01,48.0,26.0,8,39.67,web
1959,947,2026-06-01,49.0,14.0,7,51.7,store
1960,92,2026-06-01,93.0,17.0,1,426.36,mobile
1961,397,2026-06-01,37.0,50.0,10,360.22,web
1962,1092,2026-06-01,26.0,28.0,3,550.01,web
1963,639,2026-06-01,42.0,20.0,3,488.25,mobile
1964,313,2026-06-01,4.0,7.0,6,70.57,store
1965,134,2026-06-01,87.0,3.0,10,286.99,mobile
1966,1283,2026-06-01,93.0,33.0,10,445.46,mobile
1967,79,2026-06-01,47.0,26.0,1,37.49,mobile
1968,368,2026-06-01,26.0,50.0,9,343.39,mobile
1969,692,2026-06-01,62.0,33.0,10,425.44,mobile
1970,492,2026-06-01,87.0,34.0,10,349.19,web
1971,1276,2026-06-01,64.0,9.0,7,450.19,store
1972,411,2026-06-01,27.0,43.0,3,370.77,mobile
1973,39,2026-06-01,88.0,13.0,3,469.91,store
1974,384,2026-06-01,86.0,50.0,3,364.89,store
1975,806,2026-06-01,51.0,37.0,10,547.91,store
1976,934,2026-06-01,56.0,38.0,1,302.86,mobile
1977,130,2026-06-01,49.0,1.0,8,94.7,mobile
1978,930,2026-06-01,3.0,20.0,8,460.64,store
1979,756,2026-06-01,16.0,42.0,8,318.84,web
1980,1262,2026-06-01,7.0,36.0,5,70.01,mobile
1981,1331,2026-06-01,29.0,6.0,9,370.67,store
1982,955,2026-06-01,50.0,9.0,10,508.15,web
1983,463,2026-06-01,41.0,19.0,9,500.17,store
1984,143,2026-06-01,94.0,41.0,3,360.0,mobile
1985,1358,2026-06-01,33.0,30.0,1,373.74,mobile
1986,19,2026-06-01,29.0,44.0,1,443.45,mobile
1987,348,2026-06-01,57.0,39.0,8,462.07,mobile
1988,1004,2026-06-01,42.0,47.0,6,437.34,store
1989,650,2026-06-01,89.0,24.0,5,530.77,store
1990,1066,2026-06-01,25.0,19.0,1,448.28,web
1991,1551,2026-06-01,42.0,22.0,9,63.7,store
1992,162,2026-06-01,72.0,46.0,4,118.22,store
1993,826,2026-06-01,56.0,18.0,3,11.7,mobile
1994,512,2026-06-01,32.0,24.0,2,528.64,web
1995,713,2026-06-01,16.0,16.0,8,12.37,mobile
1996,477,2026-06-01,60.0,10.0,2,563.24,mobile
1997,597,2026-06-01,27.0,42.0,5,316.41,mobile
1998,1004,2026-06-01,4.0,40.0,7,98.29,store
1999,1456,2026-06-01,85.0,2.0,2,332.11,store
2000,1298,2026-06-01,80.0,43.0,9,418.72,mobile
2001,128,2026-06-01,4.0,47.0,1,390.23,mobile
2002,838,2026-06-01,69.0,15.0,10,0.0,store
2003,1034,2026-06-01,1.0,28.0,3,548.46,web
2004,112,2026-06-01,94.0,39.0,3,525.68,mobile
2005,310,2026-06-01,57.0,28.0,10,491.13,web
2006,900,2026-06-01,56.0,38.0,4,262.04,store
2007,635,2026-06-01,4.0,17.0,3,546.24,store
2008,824,2026-06-01,65.0,32.0,7,184.19,store
2009,769,2026-06-01,52.0,9.0,6,470.75,web
2010,575,2026-06-01,46.0,20.0,9,444.81,store
2011,384,2026-06-01,13.0,39.0,2,459.52,store
2012,1291,2026-06-01,62.0,23.0,9,387.21,mobile
2013,1038,2026-06-01,60.0,40.0,5,123.3,mobile
2014,1581,2026-06-01,84.0,14.0,2,50.04,mobile
2015,1311,2026-06-01,41.0,9.0,1,447.86,web
2016,1302,2026-06-01,2.0,46.0,2,139.42,mobile
2017,903,2026-06-01,45.0,36.0,3,66.77,mobile
2018,306,2026-06-01,100.0,15.0,4,112.88,mobile
2019,290,2026-06-01,74.0,18.0,5,11.86,store
2020,142,2026-06-01,56.0,20.0,6,457.5,mobile
2021,658,2026-06-01,3.0,33.0,2,394.38,web
2022,71,2026-06-01,93.0,6.0,8,372.43,web
2023,919,2026-06-01,24.0,13.0,9,509.17,mobile
2024,1434,2026-06-01,99.0,3.0,10,287.21,mobile
2025,495,2026-06-01,6.0,11.0,4,258.75,store
2026,582,2026-06-01,48.0,46.0,6,126.69,store
2027,51,2026-06-01,5.0,32.0,1,217.74,mobile
2028,923,2026-06-01,15.0,11.0,2,225.88,web
2029,369,2026-06-01,7.0,27.0,10,590.9,web
2030,194,2026-06-01,40.0,23.0,10,358.99,web
2031,1012,2026-06-01,17.0,20.0,10,464.15,mobile
2032,661,2026-06-01,92.0,27.0,9,525.1,store
2033,1524,2026-06-01,58.0,1.0,1,102.15,store
2034,160,2026-06-01,12.0,9.0,3,466.17,mobile
2035,80,2026-06-01,62.0,20.0,9,470.18,store
2036,1256,2026-06-01,76.0,49.0,9,55.51,web
2037,691,2026-06-01,61.0,27.0,2,604.71,mobile
2038,404,2026-06-01,85.0,50.0,8,390.73,store
2039,270,2026-06-01,38.0,14.0,1,41.49,store
2040,487,2026-06-01,54.0,27.0,4,604.05,mobile
2041,1338,2026-06-01,29.0,18.0,4,11.22,mobile
2042,607,2026-06-01,39.0,44.0,9,417.81,mobile
2043,404,2026-06-01,16.0,23.0,8,391.91,web
2044,1099,2026-06-01,2.0,7.0,6,78.3,web
2045,104,2026-06-01,74.0,37.0,8,574.38,mobile
2046,480,2026-06-01,24.0,11.0,4,277.54,store
2047,1118,2026-06-01,78.0,8.0,10,141.36,mobile
2048,369,2026-06-01,99.0,30.0,7,356.75,web
2049,142,2026-06-01,70.0,6.0,3,451.7,web
2050,154,2026-06-01,76.0,23.0,10,442.75,mobile
2051,1161,2026-06-01,72.0,7.0,1,75.38,mobile
2052,1007,2026-06-01,2.0,14.0,4,47.01,mobile
2053,885,2026-06-01,80.0,45.0,4,446.38,mobile
2054,1330,2026-06-01,11.0,42.0,2,368.54,mobile
2055,210,2026-06-01,85.0,14.0,5,49.55,store
2056,337,2026-06-01,98.0,30.0,2,370.21,mobile
2057,1063,2026-06-01,40.0,43.0,1,431.34,mobile
2058,1003,2026-06-01,95.0,17.0,6,432.6,store
2059,308,2026-06-01,5.0,45.0,9,475.69,store
2060,207,2026-06-01,87.0,42.0,9,320.7,web
2061,621,2026-06-01,70.0,28.0,9,541.24,web
2062,1624,2026-06-01,20.0,42.0,2,340.5,web
2063,1299,2026-06-01,26.0,36.0,5,59.81,web
2064,725,2026-06-01,18.0,7.0,10,70.46,web
2065,1411,2026-06-01,70.0,18.0,8,11.54,web
2066,321,2026-06-01,95.0,30.0,6,365.1,mobile
2067,1211,2026-06-01,86.0,50.0,3,361.74,store
2068,1497,2026-06-01,65.0,45.0,3,490.06,mobile
2069,1512,2026-06-01,47.0,33.0,3,408.92,web
2070,1609,2026-06-01,66.0,4.0,9,655.94,store
2071,192,2026-06-01,88.0,11.0,2,236.89,mobile
2072,1215,2026-06-01,38.0,39.0,3,502.66,store
2073,1013,2026-06-01,72.0,27.0,4,518.85,store
2074,221,2026-06-01,38.0,6.0,8,404.27,mobile
2075,848,2026-06-01,86.0,25.0,9,579.16,store
2076,659,2026-06-01,94.0,44.0,4,404.58,mobile
2077,1565,2026-06-01,37.0,11.0,7,232.54,store
2078,116,2026-06-01,51.0,30.0,10,363.24,web
2079,732,2026-06-01,25.0,20.0,6,502.46,web
2080,1297,2026-06-01,52.0,36.0,5,65.69,web
2081,371,2026-06-01,1.0,44.0,6,486.87,web
2082,1595,2026-06-01,73.0,33.0,5,437.69,mobile
2083,164,2026-06-01,48.0,15.0,1,90.63,store
2084,1169,2026-06-01,58.0,1.0,9,95.15,store
2085,761,2026-06-01,36.0,9.0,2,498.74,store
2086,367,2026-06-01,55.0,4.0,8,595.8,web
2087,529,2026-06-01,28.0,4.0,6,646.05,store
2088,879,2026-06-01,79.0,36.0,9,58.37,mobile
2089,979,2026-06-01,86.0,21.0,5,138.66,store
2090,202,2026-06-01,60.0,8.0,8,147.49,store
2091,55,2026-06-01,97.0,47.0,3,453.31,web
2092,179,2026-06-01,45.0,8.0,6,0.0,mobile
2093,1412,2026-06-01,46.0,44.0,9,389.71,store
2094,1268,2026-06-01,3.0,23.0,1,405.81,store
2095,1545,2026-06-01,96.0,9.0,6,529.02,store
2096,1533,2026-06-01,17.0,41.0,8,370.12,mobile
2097,1239,2026-06-01,11.0,1.0,2,88.78,store
2098,722,2026-06-01,68.0,50.0,7,325.9,store
2099,1277,2026-06-01,24.0,31.0,5,23.6,web
2100,1244,2026-06-01,31.0,24.0,9,485.59,mobile
2101,668,2026-06-01,62.0,39.0,4,461.21,mobile
2102,1100,2026-06-01,64.0,30.0,9,413.01,web
2103,49,2026-06-01,65.0,42.0,4,384.26,web
2104,216,2026-06-01,68.0,7.0,1,62.09,mobile
2105,1367,2026-06-01,10.0,41.0,6,354.98,mobile
2106,546,2026-06-01,43.0,13.0,3,425.03,mobile
2107,986,2026-06-01,68.0,2.0,6,291.71,web
2108,1389,2026-06-01,16.0,28.0,4,551.88,store
2109,682,2026-06-01,56.0,44.0,5,414.26,mobile
2110,1086,2026-06-01,72.0,8.0,1,178.01,mobile
2111,325,2026-06-01,53.0,32.0,1,183.14,web
2112,581,2026-06-01,65.0,41.0,6,430.85,store
2113,1336,2026-06-01,10.0,33.0,6,383.73,store
2114,139,2026-06-01,35.0,35.0,8,489.77,web
2115,1554,2026-06-01,35.0,47.0,4,388.07,store
2116,726,2026-06-01,48.0,3.0,7,229.99,store
2117,1432,2026-06-01,42.0,38.0,5,328.24,web
2118,741,2026-06-01,98.0,25.0,7,580.8,web
2119,210,2026-06-01,51.0,26.0,5,34.11,store
2120,1424,2026-06-01,90.0,16.0,4,12.08,mobile
2121,63,2026-06-01,21.0,4.0,9,678.94,store
2122,1190,2026-06-01,49.0,45.0,4,435.77,web
2123,1191,2026-06-01,99.0,13.0,1,495.16,mobile
2124,1572,2026-06-01,67.0,7.0,5,71.8,mobile
2125,565,2026-06-01,39.0,32.0,3,232.57,mobile
2126,686,2026-06-01,81.0,10.0,10,-93.46,web
2127,836,2026-06-01,94.0,49.0,6,44.44,web
2128,1630,2026-06-01,65.0,11.0,2,261.72,store
2129,568,2026-06-01,31.0,32.0,8,226.84,mobile
2130,476,2026-06-01,27.0,22.0,3,59.14,store
2131,923,2026-06-01,9.0,19.0,10,444.95,web
2132,503,2026-06-01,24.0,14.0,10,45.13,mobile
2133,855,2026-06-01,77.0,11.0,5,238.48,web
2134,1377,2026-06-01,14.0,32.0,5,197.87,mobile
2135,1583,2026-06-01,54.0,11.0,8,222.7,web
2136,1511,2026-06-01,65.0,8.0,5,141.72,mobile
2137,1419,2026-06-01,48.0,3.0,6,288.57,mobile
2138,989,2026-06-01,56.0,28.0,5,603.12,store
2139,1523,2026-06-01,71.0,29.0,6,774.78,web
2140,858,2026-06-01,79.0,33.0,4,447.36,web
2141,550,2026-06-01,31.0,32.0,1,229.41,web
2142,211,2026-06-01,82.0,9.0,5,519.86,mobile
2143,884,2026-06-01,89.0,4.0,9,600.44,web
2144,1549,2026-06-01,11.0,5.0,1,488.01,store
2145,885,2026-06-01,100.0,23.0,7,350.2,web
2146,101,2026-06-01,79.0,24.0,6,503.35,store
2147,503,2026-06-01,36.0,12.0,3,461.64,web
2148,1036,2026-06-01,54.0,44.0,8,446.7,web
2149,150,2026-06-01,87.0,44.0,8,454.08,web
2150,634,2026-06-01,66.0,8.0,6,160.07,web
2151,3,2026-06-01,73.0,50.0,1,349.69,web
2152,748,2026-06-01,89.0,15.0,4,108.41,mobile
2153,1286,2026-06-01,29.0,23.0,9,389.42,store
2154,680,2026-06-01,15.0,49.0,2,57.15,mobile
2155,1118,2026-06-01,30.0,32.0,2,225.97,web
2156,1464,2026-06-01,58.0,24.0,10,568.16,mobile
2157,62,2026-06-01,79.0,30.0,6,417.99,web
2158,1516,2026-06-01,83.0,28.0,10,509.87,store
2159,844,2026-06-01,59.0,30.0,1,374.77,store
2160,237,2026-06-01,65.0,29.0,2,672.62,web
2161,744,2026-06-01,91.0,37.0,2,450.78,mobile
2162,452,2026-06-01,2.0,,9,372.05,store
2163,13,2026-06-01,64.0,26.0,9,39.32,mobile
2164,439,2026-06-01,42.0,9.0,3,451.57,store
2165,23,2026-06-01,30.0,11.0,9,243.77,store
2166,1221,2026-06-01,87.0,15.0,10,100.07,web
2167,290,2026-06-01,73.0,28.0,9,631.75,web
2168,141,2026-06-01,6.0,6.0,9,425.11,mobile
2169,880,2026-06-01,51.0,40.0,4,100.31,mobile
2170,376,2026-06-01,98.0,20.0,10,398.21,web
2171,474,2026-06-01,94.0,16.0,5,11.05,mobile
2172,704,2026-06-01,21.0,14.0,9,48.72,store
2173,277,2026-06-01,43.0,20.0,3,458.41,store
2174,1101,2026-06-01,20.0,2.0,8,299.18,web
2175,689,2026-06-01,85.0,23.0,6,416.94,web
2176,1250,2026-06-01,96.0,33.0,9,452.64,mobile
2177,445,2026-06-01,45.0,50.0,8,370.75,mobile
2178,647,2026-06-01,46.0,40.0,4,103.32,store
2179,1017,2026-06-01,56.0,21.0,3,153.89,mobile
2180,257,2026-06-01,40.0,21.0,3,144.28,store
2181,759,2026-06-01,55.0,36.0,1,57.07,store
2182,1448,2026-06-01,15.0,10.0,10,496.44,store
2183,1205,2026-06-01,100.0,24.0,4,508.37,web
2184,1439,2026-06-01,15.0,26.0,1,39.06,web
2185,1039,2026-06-01,7.0,39.0,8,524.68,mobile
2186,304,2026-06-01,12.0,26.0,10,36.15,store
2187,673,2026-06-01,61.0,33.0,7,462.9,web
2188,134,2026-06-01,42.0,15.0,1,102.84,mobile
2189,144,2026-06-01,33.0,24.0,3,525.3,web
2190,1028,2026-06-01,56.0,5.0,2,428.45,mobile
2191,523,2026-06-01,53.0,16.0,8,12.2,store
2192,69,2026-06-01,41.0,34.0,2,330.76,web
2193,1476,2026-06-01,91.0,26.0,4,37.62,web
2194,435,2026-06-01,34.0,15.0,2,90.61,store
2195,1604,2026-06-01,78.0,15.0,9,110.83,store
2196,1410,2026-06-01,44.0,33.0,7,431.62,web
2197,1552,2026-06-01,98.0,42.0,7,377.88,mobile
2198,1632,2026-06-01,19.0,17.0,4,530.94,store
2199,1472,2026-06-01,62.0,49.0,2,56.17,web
2200,1297,2026-06-01,75.0,19.0,6,490.24,store
2201,584,2026-06-01,9.0,32.0,8,185.25,mobile
2202,109,2026-06-01,67.0,24.0,7,567.25,mobile
2203,1324,2026-06-01,26.0,36.0,4,57.48,mobile
2204,861,2026-06-01,,8.0,5,168.7,store
2205,247,2026-06-01,55.0,6.0,10,454.82,mobile
2206,737,2026-06-01,25.0,37.0,3,519.1,mobile
2207,890,2026-06-01,88.0,15.0,4,88.39,web
2208,500,2026-06-01,78.0,4.0,7,605.81,mobile
2209,1122,2026-06-01,42.0,31.0,10,24.84,store
2210,1646,2026-06-01,71.0,20.0,3,505.33,mobile
2211,608,2026-06-01,38.0,49.0,7,50.17,web
2212,96,2026-06-01,20.0,40.0,2,126.78,web
2213,1569,2026-06-01,29.0,6.0,9,441.67,web
2214,1614,2026-06-01,68.0,28.0,8,563.06,web
2215,1172,2026-06-01,83.0,39.0,2,499.06,web
2216,1017,2026-06-01,32.0,1.0,2,-63.56,store
2217,848,2026-06-01,93.0,19.0,7,512.43,web
2218,1633,2026-06-01,96.0,6.0,8,393.52,mobile
2219,1434,2026-06-01,89.0,28.0,2,594.26,mobile
2220,277,2026-06-01,67.0,42.0,6,361.2,web
2221,1447,2026-06-01,52.0,19.0,5,513.57,store
2222,277,2026-06-01,89.0,25.0,7,472.95,web
2223,1490,2026-06-01,41.0,37.0,1,491.61,mobile
2224,849,2026-06-01,38.0,42.0,1,378.63,mobile
2225,14,2026-06-01,24.0,2.0,3,296.4,store
2226,924,2026-06-01,15.0,43.0,3,407.27,store
2227,676,2026-06-01,8.0,29.0,8,781.07,store
2228,1070,2026-06-01,51.0,9.0,10,425.3,web
2229,588,2026-06-01,13.0,2.0,10,350.34,web
2230,1483,2026-06-01,41.0,42.0,10,335.81,store
2231,1114,2026-06-01,12.0,5.0,7,420.45,mobile
2232,1551,2026-06-01,65.0,47.0,6,358.36,mobile
2233,744,2026-06-01,71.0,41.0,9,447.79,mobile
2234,213,2026-06-01,61.0,28.0,1,586.08,mobile
2235,1499,2026-06-01,78.0,36.0,10,58.62,mobile
2236,824,2026-06-01,73.0,23.0,8,394.12,mobile
2237,1406,2026-06-01,64.0,31.0,2,26.57,web
2238,1044,2026-06-01,31.0,14.0,6,48.96,web
2239,505,2026-06-01,81.0,44.0,1,417.71,store
2240,1342,2026-06-01,96.0,35.0,4,598.72,store
2241,544,2026-06-01,53.0,7.0,3,69.24,mobile
2242,1036,2026-06-01,52.0,31.0,7,24.82,store
2243,744,2026-06-01,49.0,5.0,1,514.15,mobile
2244,1356,2026-06-01,60.0,36.0,2,61.18,mobile
2245,612,2026-06-01,74.0,33.0,6,363.39,web
2246,490,2026-06-01,20.0,1.0,2,107.63,mobile
2247,921,2026-06-01,25.0,11.0,2,255.64,mobile
2248,311,2026-06-01,100.0,36.0,2,62.98,web
2249,1252,2026-06-01,94.0,26.0,-4,34.91,store
2250,1632,2026-06-01,85.0,22.0,6,58.24,mobile
2251,1535,2026-06-01,51.0,32.0,2,235.15,web
2252,787,2026-06-01,65.0,7.0,10,70.63,web
2253,959,2026-06-01,47.0,4.0,4,670.85,mobile
2254,1460,2026-06-01,71.0,46.0,9,137.81,store
2255,1630,2026-06-01,4.0,23.0,10,409.67,store
2256,527,2026-06-01,22.0,6.0,5,433.49,mobile
2257,99,2026-06-01,53.0,39.0,2,453.01,mobile
2258,1388,2026-06-01,81.0,43.0,6,371.29,store
2259,1656,2026-06-01,42.0,37.0,3,490.88,mobile
2260,799,2026-06-01,29.0,24.0,2,604.58,web
2261,485,2026-06-01,27.0,49.0,8,46.62,mobile
2262,1452,2026-06-01,94.0,23.0,5,398.52,web
2263,1225,2026-06-01,73.0,9.0,2,407.28,web
2264,428,2026-06-01,31.0,41.0,1,432.54,store
2265,702,2026-06-01,21.0,10.0,10,468.47,store
2266,1178,2026-06-01,68.0,44.0,6,466.65,store
2267,83,2026-06-01,92.0,28.0,9,605.79,store
2268,179,2026-06-01,5.0,42.0,9,395.9,store
2269,556,2026-06-01,100.0,14.0,2,51.96,web
2270,1574,2026-06-01,59.0,28.0,4,632.41,web
2271,302,2026-06-01,10.0,25.0,8,581.78,store
2272,159,2026-06-01,47.0,34.0,9,278.8,mobile
2273,343,2026-06-01,18.0,8.0,4,180.42,mobile
2274,602,2026-06-01,96.0,24.0,7,481.6,store
2275,1425,2026-06-01,50.0,12.0,1,486.65,store
2276,252,2026-06-01,30.0,37.0,3,450.95,web
2277,657,2026-06-01,100.0,11.0,4,264.58,web
2278,1236,2026-06-01,85.0,4.0,3,602.48,store
2279,1584,2026-06-01,67.0,18.0,9,11.22,web
2280,435,2026-06-01,23.0,29.0,2,744.37,mobile
2281,219,2026-06-01,75.0,41.0,6,373.59,mobile
2282,397,2026-06-01,85.0,40.0,4,122.53,web
2283,1429,2026-06-01,3.0,47.0,3,421.53,web
2284,1076,2026-06-01,75.0,8.0,1,145.38,web
2285,592,2026-06-01,52.0,39.0,4,543.47,web
2286,884,2026-06-01,46.0,19.0,6,498.48,mobile
2287,1370,2026-06-01,100.0,32.0,1,196.56,store
2288,984,2026-06-01,85.0,24.0,7,616.7,store
2289,821,2026-06-01,24.0,5.0,10,440.3,web
2290,1358,2026-06-01,38.0,13.0,1,424.17,store
2291,1222,2026-06-01,20.0,24.0,1,487.17,mobile
2292,1586,2026-06-01,42.0,49.0,7,43.97,mobile
2293,149,2026-06-01,31.0,42.0,10,372.64,mobile
2294,1024,2026-06-01,88.0,42.0,5,361.45,web
2295,310,2026-06-01,90.0,19.0,5,465.24,store
2296,1039,2026-06-01,43.0,38.0,3,266.92,web
2297,317,2026-06-01,73.0,41.0,1,425.86,mobile
2298,21,2026-06-01,88.0,22.0,5,62.77,store
2299,373,2026-06-01,93.0,12.0,9,458.07,store
2300,1227,2026-06-01,91.0,50.0,10,346.85,web
2301,1088,2026-06-01,99.0,3.0,10,221.35,mobile
2302,913,2026-06-01,78.0,44.0,6,407.98,store
2303,1340,2026-06-01,42.0,37.0,2,522.91,web
2304,1513,2026-06-01,50.0,3.0,5,223.87,web
2305,147,2026-06-01,63.0,20.0,8,481.0,mobile
2306,339,2026-06-01,56.0,16.0,6,11.68,mobile
2307,1167,2026-06-01,65.0,43.0,4,385.7,web
2308,83,2026-06-01,86.0,26.0,5,35.17,store
2309,1525,2026-06-01,99.0,33.0,3,377.79,store
2310,1166,2026-06-01,97.0,24.0,4,621.39,mobile
2311,830,2026-06-01,78.0,1.0,9,109.42,mobile
2312,1618,2026-06-01,62.0,44.0,4,461.34,store
2313,988,2026-06-01,38.0,34.0,3,309.62,store
2314,1429,2026-06-01,25.0,25.0,10,546.05,store
2315,508,2026-06-01,19.0,17.0,7,424.48,store
2316,1638,2026-06-01,44.0,3.0,8,260.31,mobile
2317,222,2026-06-01,71.0,47.0,8,363.22,store
2318,54,2026-06-01,2.0,28.0,1,541.13,store
2319,1086,2026-06-01,33.0,15.0,4,98.11,store
2320,676,2026-06-01,79.0,7.0,3,74.29,mobile
2321,1015,2026-06-01,87.0,27.0,3,506.33,web
2322,1439,2026-06-01,49.0,45.0,8,482.88,web
2323,1047,2026-06-01,21.0,49.0,4,50.93,mobile
2324,1331,2026-06-01,2.0,12.0,6,571.37,mobile
2325,1042,2026-06-01,28.0,25.0,9,476.72,web
2326,276,2026-06-01,81.0,32.0,5,187.72,store
2327,295,2026-06-01,57.0,6.0,10,417.47,store
2328,1027,2026-06-01,60.0,13.0,1,428.77,store
2329,401,2026-06-01,64.0,22.0,1,58.7,mobile
2330,1442,2026-06-01,95.0,27.0,2,614.54,web
2331,554,2026-06-01,27.0,46.0,6,116.18,mobile
2332,104,2026-06-01,15.0,14.0,7,42.16,web
2333,260,2026-06-01,34.0,14.0,8,42.82,mobile
2334,1642,2026-06-01,79.0,5.0,4,422.57,web
2335,624,2026-06-01,57.0,34.0,7,270.56,store
2336,1308,2026-06-01,14.0,,8,227.14,web
2337,1404,2026-06-01,61.0,4.0,6,686.96,web
2338,1576,2026-06-01,10.0,45.0,7,420.14,web
2339,1537,2026-06-01,28.0,50.0,8,-32.41,mobile
2340,1395,2026-06-01,100.0,18.0,5,11.46,web
2341,1289,2026-06-01,23.0,33.0,8,464.1,web
2342,771,2026-06-01,34.0,26.0,1,41.41,store
2343,344,2026-06-01,1.0,46.0,10,129.15,store
2344,40,2026-06-01,4.0,31.0,8,24.34,web
2345,1069,2026-06-01,28.0,3.0,2,232.96,mobile
2346,1130,2026-06-01,71.0,39.0,3,475.59,mobile
2347,560,2026-06-01,63.0,3.0,7,266.74,mobile
2348,1009,2026-06-01,82.0,15.0,9,112.77,mobile
2349,321,2026-06-01,52.0,1.0,7,107.88,store
2350,832,2026-06-01,19.0,49.0,8,48.29,store
2351,600,2026-06-01,65.0,25.0,10,519.19,mobile
2352,1369,2026-06-01,77.0,16.0,3,10.22,mobile
2353,880,2026-06-01,61.0,20.0,3,402.63,mobile
2354,1100,2026-06-01,53.0,20.0,6,468.45,web
2355,660,2026-06-01,40.0,13.0,3,418.99,mobile
2356,593,2026-06-01,38.0,50.0,1,381.69,mobile
2357,1221,2026-06-01,31.0,7.0,-1,66.8,store
2358,874,2026-06-01,13.0,18.0,5,13.07,mobile
2359,748,2026-06-01,6.0,35.0,9,503.15,store
2360,261,2026-06-01,74.0,27.0,2,551.1,mobile
2361,105,2026-06-01,38.0,7.0,9,69.33,mobile
2362,509,2026-06-01,60.0,35.0,2,570.01,store
2363,740,2026-06-01,92.0,45.0,8,423.25,mobile
2364,1622,2026-06-01,38.0,19.0,9,477.81,store
2365,96,2026-06-01,53.0,30.0,1,369.98,store
2366,571,2026-06-01,47.0,17.0,6,543.26,store
2367,1334,2026-06-01,68.0,16.0,2,12.29,web
2368,263,2026-06-01,57.0,23.0,1,340.05,mobile
2369,878,2026-06-01,77.0,32.0,4,185.71,mobile
2370,923,2026-06-01,85.0,11.0,9,265.56,mobile
2371,1630,2026-06-01,15.0,,6,553.07,store
2372,406,2026-06-01,15.0,5.0,2,527.0,store
2373,857,2026-06-01,18.0,37.0,-7,567.44,web
2374,185,2026-06-01,9.0,43.0,7,359.03,mobile
2375,977,2026-06-01,28.0,38.0,5,298.92,mobile
2376,1351,2026-06-01,2.0,35.0,10,604.67,mobile
2377,1418,2026-06-01,28.0,44.0,3,431.9,mobile
2378,742,2026-06-01,35.0,27.0,10,488.24,store
2379,1426,2026-06-01,38.0,36.0,3,63.15,store
2380,1534,2026-06-01,83.0,24.0,8,504.52,store
2381,387,2026-06-01,20.0,6.0,10,381.13,mobile
2382,220,2026-06-01,80.0,36.0,3,59.94,mobile
2383,1418,2026-06-01,30.0,21.0,5,159.4,mobile
2384,767,2026-06-01,19.0,17.0,3,461.37,store
2385,399,2026-06-01,4.0,5.0,1,452.58,store
2386,1204,2026-06-01,36.0,4.0,10,637.58,web
2387,1624,2026-06-01,3.0,35.0,5,579.69,mobile
2388,1513,2026-06-01,33.0,37.0,8,471.04,mobile
2389,1170,2026-06-01,19.0,1.0,8,98.38,web
2390,1106,2026-06-01,68.0,,6,163.82,mobile
2391,677,2026-06-01,49.0,27.0,6,549.36,mobile
2392,1385,2026-06-01,41.0,20.0,10,505.45,store
2393,299,2026-06-01,,18.0,10,12.87,mobile
2394,730,2026-06-01,10.0,30.0,10,336.77,web
2395,324,2026-06-01,15.0,22.0,5,61.03,mobile
2396,1410,2026-06-01,50.0,8.0,3,172.09,web
2397,507,2026-06-01,41.0,11.0,9,232.16,store
2398,738,2026-06-01,57.0,44.0,10,506.76,web
2399,105,2026-06-01,26.0,50.0,3,316.02,store
2400,4,2026-06-01,29.0,46.0,10,130.39,mobile
2401,503,2026-06-01,34.0,2.0,4,323.68,mobile
2402,1094,2026-06-01,65.0,24.0,3,484.42,store
2403,347,2026-06-01,31.0,16.0,1,10.43,mobile
2404,1218,2026-06-01,91.0,31.0,2,24.26,web
2405,1472,2026-06-01,18.0,5.0,1,458.17,web
2406,250,2026-06-01,51.0,20.0,7,437.61,mobile
2407,1586,2026-06-01,81.0,19.0,6,475.35,store
2408,787,2026-06-01,48.0,43.0,5,421.39,web
2409,1033,2026-06-01,12.0,30.0,1,421.53,web
2410,152,2026-06-01,33.0,2.0,3,289.75,store
2411,897,2026-06-01,16.0,31.0,8,23.41,web
2412,1178,2026-06-01,54.0,8.0,7,173.93,mobile
2413,1427,2026-06-01,6.0,38.0,3,313.47,mobile
2414,102,2026-06-01,16.0,20.0,4,466.08,store
2415,602,2026-06-01,18.0,13.0,2,490.19,mobile
2416,746,2026-06-01,15.0,45.0,9,420.08,mobile
2417,1664,2026-06-01,41.0,32.0,3,185.72,mobile
2418,1342,2026-06-01,2.0,49.0,7,49.76,store
2419,596,2026-06-01,70.0,49.0,5,57.26,mobile
2420,2,2026-06-01,84.0,43.0,8,433.6,mobile
2421,1530,2026-06-01,87.0,15.0,10,110.12,store
2422,1088,2026-06-01,81.0,39.0,1,526.25,web
2423,777,2026-06-01,18.0,17.0,3,463.1,mobile
2424,1316,2026-06-01,54.0,7.0,1,60.99,store
2425,397,2026-06-01,63.0,5.0,2,527.73,web
2426,1664,2026-06-01,40.0,34.0,1,330.41,mobile
2427,147,2026-06-01,30.0,11.0,5,243.98,mobile
2428,1441,2026-06-01,39.0,30.0,7,365.76,mobile
2429,1118,2026-06-01,47.0,8.0,3,144.86,web
2430,700,2026-06-01,81.0,14.0,2,47.94,store
2431,771,2026-06-01,92.0,50.0,6,331.0,store
2432,179,2026-06-01,64.0,8.0,7,168.7,mobile
2433,640,2026-06-01,53.0,8.0,4,172.28,web
2434,426,2026-06-01,8.0,49.0,6,55.94,mobile
2435,473,2026-06-01,7.0,2.0,6,288.88,store
2436,12,2026-06-01,80.0,20.0,2,460.78,mobile
2437,1511,2026-06-01,51.0,7.0,2,77.95,store
2438,903,2026-06-01,66.0,9.0,8,434.59,mobile
2439,1154,2026-06-01,99.0,7.0,10,67.38,mobile
2440,530,2026-06-01,12.0,17.0,5,426.09,store
2441,129,2026-06-01,49.0,33.0,2,404.34,web
2442,1349,2026-06-01,57.0,24.0,10,614.14,mobile
2443,303,2026-06-01,92.0,10.0,2,525.2,store
2444,1463,2026-06-01,50.0,20.0,1,401.52,store
2445,1115,2026-06-01,28.0,15.0,3,97.53,store
2446,200,2026-06-01,50.0,26.0,7,39.22,store
2447,1041,2026-06-01,31.0,50.0,5,385.8,store
2448,1399,2026-06-01,80.0,36.0,7,65.75,mobile
2449,672,2026-06-01,55.0,9.0,2,483.4,web
2450,1031,2026-06-01,4.0,27.0,3,591.74,web
2451,1151,2026-06-01,25.0,33.0,10,420.53,mobile
2452,1565,2026-06-01,40.0,37.0,3,463.11,mobile
2453,1069,2026-06-01,50.0,34.0,6,320.76,mobile
2454,325,2026-06-01,52.0,7.0,5,63.46,store
2455,769,2026-06-01,93.0,25.0,1,480.72,web
2456,612,2026-06-01,67.0,12.0,6,444.07,mobile
2457,1389,2026-06-01,99.0,2.0,6,277.04,mobile
2458,694,2026-06-01,84.0,17.0,3,538.85,mobile
2459,848,2026-06-01,22.0,24.0,10,611.58,store
2460,1083,2026-06-01,8.0,27.0,6,505.37,web
2461,637,2026-06-01,84.0,9.0,1,439.91,mobile
2462,488,2026-06-01,16.0,27.0,6,552.53,store
2463,802,2026-06-01,26.0,1.0,4,96.96,mobile
2464,897,2026-06-01,84.0,14.0,1,48.31,store
2465,378,2026-06-01,95.0,48.0,8,482.75,store
2466,278,2026-06-01,20.0,8.0,4,168.42,mobile
2467,690,2026-06-01,80.0,50.0,4,329.16,web
2468,1119,2026-06-01,2.0,12.0,7,449.11,web
2469,1199,2026-06-01,94.0,46.0,7,123.65,web
2470,965,2026-06-01,11.0,27.0,3,519.19,store
2471,1,2026-06-01,98.0,49.0,5,49.04,web
2472,288,2026-06-01,64.0,49.0,1,54.85,web
2473,1609,2026-06-01,97.0,13.0,8,521.32,store
2474,1137,2026-06-01,45.0,15.0,6,102.45,web
2475,750,2026-06-01,80.0,33.0,6,390.66,web
2476,349,2026-06-01,56.0,37.0,10,492.97,mobile
2477,249,2026-06-01,48.0,20.0,2,506.81,web
2478,1600,2026-06-01,5.0,20.0,6,412.4,store
2479,1614,2026-06-01,79.0,14.0,3,49.14,store
2480,419,2026-06-01,79.0,27.0,5,516.59,web
2481,1123,2026-06-01,65.0,43.0,9,411.52,store
2482,1567,2026-06-01,43.0,33.0,7,395.93,web
2483,1126,2026-06-01,25.0,10.0,8,432.91,web
2484,1254,2026-06-01,47.0,40.0,4,109.74,web
2485,409,2026-06-01,85.0,22.0,2,64.07,web
2486,115,2026-06-01,43.0,11.0,10,222.64,web
2487,451,2026-06-01,66.0,17.0,5,451.55,web
2488,1405,2026-06-01,50.0,3.0,9,271.33,store
2489,1646,2026-06-01,8.0,42.0,5,333.4,store
2490,175,2026-06-01,99.0,31.0,10,25.88,store
2491,1307,2026-06-01,96.0,39.0,1,507.14,mobile
2492,1554,2026-06-01,93.0,47.0,4,412.36,web
2493,1499,2026-06-01,32.0,37.0,9,479.41,store
2494,422,2026-06-01,16.0,14.0,2,42.66,store
2495,1033,2026-06-01,72.0,6.0,1,369.16,mobile
2496,17,2026-06-01,15.0,16.0,10,12.29,web
2497,26,2026-06-01,4.0,19.0,4,542.64,store
2498,90,2026-06-01,52.0,41.0,9,438.77,mobile
2499,1562,2026-06-01,79.0,6.0,9,434.68,web
2500,1282,2026-06-01,56.0,18.0,7,13.14,mobile
2501,736,2026-06-01,18.0,31.0,9,26.54,web
2502,1021,2026-06-01,46.0,19.0,4,435.91,web
2503,819,2026-06-01,16.0,43.0,7,383.13,mobile
2504,196,2026-06-01,75.0,30.0,10,331.86,store
2505,788,2026-06-01,57.0,48.0,5,515.61,mobile
2506,613,2026-06-01,60.0,27.0,6,607.6,store
2507,199,2026-06-01,80.0,35.0,3,569.8,store
2508,845,2026-06-01,7.0,22.0,6,56.48,store
2509,698,2026-06-01,15.0,13.0,1,409.64,store
2510,183,2026-06-01,68.0,37.0,7,490.0,web
2511,1226,2026-06-01,27.0,35.0,3,589.72,store
2512,854,2026-06-01,12.0,11.0,8,225.96,mobile
2513,1323,2026-06-01,71.0,7.0,8,68.57,web
2514,555,2026-06-01,83.0,4.0,7,699.96,store
2515,1027,2026-06-01,73.0,43.0,5,399.78,mobile
2516,1440,2026-06-01,93.0,35.0,3,546.39,mobile
2517,1601,2026-06-01,79.0,4.0,4,704.12,mobile
2518,891,2026-06-01,77.0,44.0,2,503.91,mobile
2519,1452,2026-06-01,79.0,3.0,5,257.92,store
2520,93,2026-06-01,47.0,42.0,3,388.5,web
2521,98,2026-06-01,10.0,34.0,1,284.72,mobile
2522,1411,2026-06-01,2.0,37.0,6,562.37,web
2523,827,2026-06-01,33.0,20.0,7,447.61,mobile
2524,1540,2026-06-01,91.0,8.0,7,178.5,web
2525,4,2026-06-01,55.0,47.0,1,407.43,web
2526,1306,2026-06-01,30.0,15.0,8,92.22,store
2527,1154,2026-06-01,70.0,33.0,2,359.75,store
2528,1176,2026-06-01,95.0,23.0,2,398.63,store
2529,496,2026-06-01,93.0,2.0,3,332.88,mobile
2530,1373,2026-06-01,25.0,1.0,2,103.95,mobile
2531,663,2026-06-01,30.0,13.0,1,419.78,mobile
2532,1415,2026-06-01,93.0,21.0,1,145.46,mobile
2533,539,2026-06-01,49.0,5.0,3,476.25,web
2534,879,2026-06-01,65.0,1.0,9,92.47,store
2535,934,2026-06-01,84.0,29.0,8,643.63,store
2536,247,2026-06-01,49.0,5.0,8,491.0,store
2537,1114,2026-06-01,88.0,33.0,2,413.04,web
2538,1287,2026-06-01,28.0,26.0,8,39.05,web
2539,1049,2026-06-01,49.0,11.0,5,280.05,store
2540,1496,2026-06-01,97.0,35.0,9,471.6,store
2541,1385,2026-06-01,68.0,6.0,2,466.58,store
2542,177,2026-06-01,94.0,27.0,5,623.88,mobile
2543,720,2026-06-01,46.0,31.0,6,25.11,mobile
2544,237,2026-06-01,92.0,9.0,4,418.87,store
2545,326,2026-06-01,59.0,7.0,1,73.44,mobile
2546,1476,2026-06-01,87.0,19.0,1,438.93,store
2547,437,2026-06-01,20.0,35.0,8,466.81,store
2548,1214,2026-06-01,40.0,43.0,1,447.5,mobile
2549,1044,2026-06-01,14.0,22.0,9,61.18,mobile
2550,389,2026-06-01,87.0,12.0,7,536.57,mobile
2551,621,2026-06-01,96.0,27.0,6,533.91,mobile
2552,1043,2026-06-01,57.0,30.0,10,326.84,store
2553,307,2026-06-01,13.0,10.0,8,485.14,store
2554,998,2026-06-01,76.0,15.0,4,99.22,web
2555,1319,2026-06-01,58.0,1.0,3,104.01,mobile
2556,1227,2026-06-01,77.0,3.0,3,262.27,web
2557,1475,2026-06-01,71.0,24.0,2,490.2,store
2558,836,2026-06-01,83.0,46.0,7,123.89,mobile
2559,762,2026-06-01,77.0,27.0,2,500.55,web
2560,50,2026-06-01,7.0,5.0,10,450.86,store
2561,1306,2026-06-01,58.0,45.0,2,428.02,store
2562,979,2026-06-01,39.0,31.0,8,22.94,store
2563,1150,2026-06-01,58.0,11.0,5,279.66,store
2564,921,2026-06-01,86.0,25.0,4,459.92,mobile
2565,743,2026-06-01,71.0,13.0,9,486.51,mobile
2566,959,2026-06-01,35.0,22.0,9,66.22,web
2567,926,2026-06-01,2.0,2.0,10,294.85,web
2568,1341,2026-06-01,30.0,22.0,5,62.84,web
2569,1040,2026-06-01,60.0,14.0,6,43.97,web
2570,542,2026-06-01,56.0,45.0,5,439.71,store
2571,1008,2026-06-01,25.0,40.0,10,115.93,web
2572,685,2026-06-01,69.0,6.0,10,382.69,mobile
2573,1012,2026-06-01,46.0,46.0,10,117.2,store
2574,737,2026-06-01,74.0,23.0,1,0.0,store
2575,470,2026-06-01,49.0,15.0,7,104.54,mobile
2576,269,2026-06-01,73.0,1.0,1,101.67,store
2577,687,2026-06-01,22.0,9.0,10,509.07,web
2578,466,2026-06-01,39.0,13.0,7,502.29,store
2579,1523,2026-06-01,26.0,14.0,9,46.72,store
2580,1157,2026-06-01,3.0,19.0,10,533.71,mobile
2581,243,2026-06-01,64.0,42.0,6,408.65,web
2582,72,2026-06-01,26.0,47.0,4,427.06,web
2583,925,2026-06-01,66.0,24.0,8,593.9,web
2584,317,2026-06-01,56.0,46.0,-9,131.48,mobile
2585,1154,2026-06-01,13.0,36.0,7,64.98,web
2586,672,2026-06-01,14.0,37.0,8,478.75,store
2587,377,2026-06-01,28.0,39.0,7,472.27,web
2588,769,2026-06-01,19.0,22.0,2,57.92,web
2589,1069,2026-06-01,41.0,11.0,3,278.83,mobile
2590,507,2026-06-01,13.0,14.0,6,46.68,mobile
2591,1532,2026-06-01,62.0,36.0,3,65.42,web
2592,1086,2026-06-01,41.0,16.0,6,10.48,store
2593,1308,2026-06-01,83.0,17.0,1,506.49,mobile
2594,1237,2026-06-01,,18.0,10,11.55,web
2595,83,2026-06-01,80.0,39.0,5,498.53,store
2596,9,2026-06-01,75.0,18.0,3,12.98,store
2597,1296,2026-06-01,5.0,4.0,7,564.68,mobile
2598,295,2026-06-01,73.0,1.0,10,100.23,web
2599,200,2026-06-01,45.0,14.0,9,48.03,mobile
2600,996,2026-06-01,93.0,6.0,5,357.7,web
2601,1655,2026-06-01,85.0,32.0,8,189.71,store
2602,457,2026-06-01,74.0,37.0,10,495.67,web
2603,114,2026-06-01,56.0,38.0,6,263.99,store
2604,1070,2026-06-01,28.0,49.0,3,52.48,mobile
2605,906,2026-06-01,32.0,30.0,4,425.62,store
2606,839,2026-06-01,70.0,45.0,4,394.13,store
2607,823,2026-06-01,97.0,28.0,2,577.55,mobile
2608,1380,2026-06-01,3.0,16.0,9,11.25,mobile
2609,355,2026-06-01,81.0,32.0,3,232.94,store
2610,1215,2026-06-01,26.0,44.0,9,453.76,mobile
2611,199,2026-06-01,61.0,25.0,9,571.04,store
2612,824,2026-06-01,63.0,17.0,8,499.68,web
2613,824,2026-06-01,47.0,19.0,3,523.15,mobile
2614,188,2026-06-01,9.0,25.0,9,494.35,store
2615,1528,2026-06-01,25.0,4.0,8,586.53,store
2616,831,2026-06-01,92.0,41.0,9,408.22,web
2617,167,2026-06-01,10.0,49.0,7,51.71,web
2618,57,2026-06-01,74.0,10.0,1,503.81,mobile
2619,552,2026-06-01,50.0,5.0,10,431.72,mobile
2620,1221,2026-06-01,8.0,6.0,6,357.26,mobile
2621,1365,2026-06-01,94.0,4.0,10,553.15,mobile
2622,536,2026-06-01,80.0,12.0,6,546.44,store
2623,96,2026-06-01,86.0,2.0,9,286.88,web
2624,767,2026-06-01,75.0,16.0,2,10.19,mobile
2625,164,2026-06-01,16.0,12.0,7,543.17,mobile
2626,39,2026-06-01,40.0,42.0,5,403.23,web
2627,89,2026-06-01,57.0,8.0,8,144.62,web
2628,1245,2026-06-01,22.0,45.0,3,390.36,mobile
2629,362,2026-06-01,16.0,25.0,4,505.36,mobile
2630,1271,2026-06-01,33.0,37.0,1,568.84,web
2631,138,2026-06-01,45.0,15.0,1,92.2,web
2632,382,2026-06-01,5.0,29.0,1,652.44,store
2633,670,2026-06-01,95.0,7.0,-7,74.24,mobile
2634,1622,2026-06-01,46.0,28.0,1,570.59,store
2635,955,2026-06-01,89.0,16.0,5,10.19,store
2636,490,2026-06-01,15.0,48.0,3,525.64,mobile
2637,1610,2026-06-01,93.0,7.0,5,62.71,web
2638,1440,2026-06-01,76.0,4.0,10,684.78,web
2639,478,2026-06-01,90.0,35.0,6,554.79,mobile
2640,108,2026-06-01,93.0,47.0,3,401.21,web
2641,599,2026-06-01,66.0,19.0,3,442.36,mobile
2642,1288,2026-06-01,47.0,43.0,10,366.3,mobile
2643,1327,2026-06-01,98.0,31.0,6,23.9,web
2644,829,2026-06-01,87.0,1.0,2,105.94,mobile
2645,778,2026-06-01,40.0,38.0,1,267.2,mobile
2646,87,2026-06-01,86.0,11.0,8,278.66,web
2647,1324,2026-06-01,2.0,46.0,3,138.84,store
2648,1083,2026-06-01,36.0,42.0,8,349.19,store
2649,818,2026-06-01,7.0,23.0,3,-22.09,mobile
2650,622,2026-06-01,22.0,7.0,8,77.84,mobile
2651,1511,2026-06-01,13.0,50.0,9,335.74,web
2652,774,2026-06-01,85.0,28.0,1,518.66,store
2653,1326,2026-06-01,86.0,28.0,3,559.53,mobile
2654,1510,2026-06-01,40.0,22.0,1,54.63,store
2655,559,2026-06-01,26.0,4.0,9,617.11,web
2656,343,2026-06-01,37.0,37.0,2,465.62,store
2657,491,2026-06-01,15.0,37.0,3,527.14,store
2658,1569,2026-06-01,25.0,21.0,7,139.16,mobile
2659,382,2026-06-01,89.0,4.0,3,593.29,mobile
2660,1634,2026-06-01,28.0,28.0,8,534.22,mobile
2661,282,2026-06-01,46.0,9.0,8,460.07,store
2662,1648,2026-06-01,92.0,16.0,4,11.07,web
2663,791,2026-06-01,38.0,32.0,6,199.81,web
2664,1397,2026-06-01,78.0,2.0,3,330.67,web
2665,316,2026-06-01,42.0,28.0,5,522.81,mobile
2666,928,2026-06-01,63.0,5.0,3,496.62,store
2667,234,2026-06-01,36.0,16.0,9,11.84,store
2668,503,2026-06-01,42.0,14.0,6,42.2,store
2669,1555,2026-06-01,76.0,1.0,1,110.74,web
2670,935,2026-06-01,18.0,8.0,4,175.84,store
2671,446,2026-06-01,93.0,35.0,9,529.94,store
2672,556,2026-06-01,54.0,48.0,2,485.03,mobile
2673,116,2026-06-01,12.0,33.0,6,463.99,mobile
2674,798,2026-06-01,31.0,48.0,8,476.78,mobile
2675,934,2026-06-01,76.0,13.0,4,519.47,mobile
2676,1353,2026-06-01,36.0,3.0,2,283.05,mobile
2677,1080,2026-06-01,51.0,46.0,1,135.8,mobile
2678,1071,2026-06-01,13.0,14.0,3,43.84,store
2679,747,2026-06-01,84.0,47.0,7,434.52,mobile
2680,209,2026-06-01,48.0,4.0,5,638.17,store
2681,991,2026-06-01,37.0,21.0,7,132.89,store
2682,868,2026-06-01,21.0,2.0,2,322.41,store
2683,1253,2026-06-01,51.0,23.0,9,406.15,store
2684,663,2026-06-01,2.0,49.0,2,55.5,mobile
2685,1085,2026-06-01,28.0,50.0,9,308.54,store
2686,182,2026-06-01,66.0,33.0,8,427.12,store
2687,445,2026-06-01,35.0,35.0,6,575.09,mobile
2688,1544,2026-06-01,94.0,1.0,2,101.64,store
2689,16,2026-06-01,57.0,39.0,6,442.29,mobile
2690,813,2026-06-01,6.0,13.0,8,458.01,mobile
2691,1085,2026-06-01,32.0,28.0,9,576.09,store
2692,1298,2026-06-01,20.0,41.0,1,398.75,store
2693,401,2026-06-01,73.0,41.0,3,446.65,web
2694,531,2026-06-01,12.0,32.0,7,229.64,mobile
2695,313,2026-06-01,16.0,38.0,8,307.92,store
2696,513,2026-06-01,34.0,6.0,1,388.52,store
2697,1072,2026-06-01,83.0,41.0,7,423.9,mobile
2698,1189,2026-06-01,18.0,15.0,1,103.47,web
2699,817,2026-06-01,64.0,17.0,8,506.11,mobile
2700,1002,2026-06-01,58.0,4.0,8,653.93,mobile
2701,1663,2026-06-01,5.0,44.0,10,432.02,web
2702,89,2026-06-01,76.0,38.0,8,284.36,web
2703,1619,2026-06-01,78.0,9.0,3,0.0,mobile
2704,667,2026-06-01,69.0,14.0,10,52.01,web
2705,773,2026-06-01,95.0,17.0,3,433.74,store
2706,1364,2026-06-01,92.0,12.0,6,472.31,mobile
2707,1409,2026-06-01,73.0,48.0,6,485.8,web
2708,1026,2026-06-01,20.0,48.0,10,489.11,mobile
2709,1425,2026-06-01,48.0,16.0,8,10.22,mobile
2710,339,2026-06-01,74.0,49.0,2,47.27,web
2711,831,2026-06-01,57.0,31.0,1,25.17,web
2712,51,2026-06-01,73.0,4.0,5,668.37,web
2713,1098,2026-06-01,39.0,8.0,3,164.37,store
2714,1448,2026-06-01,9.0,38.0,10,310.88,store
2715,566,2026-06-01,91.0,22.0,7,54.59,store
2716,1590,2026-06-01,3.0,46.0,8,133.54,mobile
2717,330,2026-06-01,75.0,16.0,-7,11.86,store
2718,478,2026-06-01,58.0,35.0,5,505.14,web
2719,778,2026-06-01,22.0,12.0,10,482.16,mobile
2720,1208,2026-06-01,7.0,25.0,2,568.66,mobile
2721,682,2026-06-01,63.0,11.0,8,257.3,store
2722,1058,2026-06-01,91.0,45.0,3,440.55,mobile
2723,1158,2026-06-01,40.0,20.0,6,423.02,store
2724,689,2026-06-01,7.0,18.0,7,12.67,mobile
2725,142,2026-06-01,49.0,49.0,1,48.12,web
2726,532,2026-06-01,29.0,32.0,1,224.33,web
2727,855,2026-06-01,12.0,16.0,6,12.19,mobile
2728,428,2026-06-01,30.0,32.0,10,217.33,mobile
2729,523,2026-06-01,33.0,6.0,1,390.44,store
2730,525,2026-06-01,8.0,24.0,4,529.72,mobile
2731,773,2026-06-01,99.0,30.0,1,418.07,store
2732,891,2026-06-01,51.0,28.0,4,627.25,store
2733,1219,2026-06-01,24.0,42.0,9,337.5,store
2734,636,2026-06-01,21.0,,6,283.88,mobile
2735,785,2026-06-01,18.0,21.0,4,142.97,mobile
2736,359,2026-06-01,37.0,2.0,-7,330.39,web
2737,1569,2026-06-01,23.0,20.0,2,438.42,web
2738,1236,2026-06-01,74.0,5.0,-9,526.31,store
2739,893,2026-06-01,61.0,38.0,10,275.89,mobile
2740,119,2026-06-01,1.0,15.0,4,97.06,store
2741,921,2026-06-01,88.0,28.0,2,537.77,mobile
2742,1375,2026-06-01,28.0,43.0,10,361.47,mobile
2743,513,2026-06-01,65.0,7.0,10,0.0,mobile
2744,959,2026-06-01,67.0,16.0,4,12.16,web
2745,1607,2026-06-01,86.0,40.0,7,100.87,web
2746,1260,2026-06-01,31.0,40.0,6,127.11,store
2747,725,2026-06-01,41.0,33.0,1,390.77,store
2748,365,2026-06-01,59.0,31.0,2,24.43,mobile
2749,1406,2026-06-01,92.0,50.0,10,310.74,web
2750,1536,2026-06-01,45.0,33.0,8,364.87,web
2751,1587,2026-06-01,22.0,39.0,4,453.39,mobile
2752,499,2026-06-01,76.0,8.0,1,154.36,mobile
2753,1573,2026-06-01,84.0,9.0,6,-7.74,web
2754,1458,2026-06-01,28.0,15.0,9,93.02,mobile
2755,1278,2026-06-01,17.0,13.0,9,421.34,mobile
2756,1628,2026-06-01,11.0,33.0,2,426.27,web
2757,753,2026-06-01,,10.0,6,523.57,store
2758,1503,2026-06-01,66.0,29.0,2,773.72,web
2759,1072,2026-06-01,24.0,47.0,2,376.41,store
2760,1147,2026-06-01,15.0,40.0,9,106.72,mobile
2761,791,2026-06-01,81.0,20.0,7,399.51,store
2762,1117,2026-06-01,15.0,5.0,4,542.88,mobile
2763,885,2026-06-01,97.0,13.0,6,518.53,web
2764,567,2026-06-01,51.0,15.0,1,100.35,web
2765,1303,2026-06-01,42.0,36.0,3,67.63,mobile
2766,1082,2026-06-01,84.0,16.0,1,10.91,mobile
2767,1194,2026-06-01,85.0,37.0,6,446.46,mobile
2768,235,2026-06-01,99.0,17.0,6,532.92,web
2769,1490,2026-06-01,73.0,47.0,3,364.38,store
2770,1602,2026-06-01,52.0,34.0,6,296.72,mobile
2771,917,2026-06-01,28.0,36.0,7,57.66,mobile
2772,347,2026-06-01,90.0,29.0,7,653.42,store
2773,1089,2026-06-01,10.0,17.0,7,525.92,web
2774,777,2026-06-01,40.0,10.0,8,486.79,mobile
2775,1090,2026-06-01,34.0,20.0,6,423.51,store
2776,999,2026-06-01,80.0,25.0,8,502.82,web
2777,827,2026-06-01,16.0,39.0,6,538.52,mobile
2778,1585,2026-06-01,28.0,5.0,5,490.6,web
2779,523,2026-06-01,15.0,40.0,6,110.44,web
2780,1588,2026-06-01,54.0,47.0,9,391.53,store
2781,829,2026-06-01,62.0,8.0,7,168.68,store
2782,803,2026-06-01,28.0,6.0,3,412.18,mobile
2783,1308,2026-06-01,57.0,49.0,2,44.52,web
2784,1535,2026-06-01,74.0,4.0,6,681.59,web
2785,150,2026-06-01,94.0,18.0,3,10.65,mobile
2786,1558,2026-06-01,92.0,33.0,5,357.75,mobile
2787,669,2026-06-01,100.0,46.0,7,116.38,store
2788,1186,2026-06-01,24.0,23.0,4,390.93,store
2789,125,2026-06-01,74.0,28.0,3,595.3,web
2790,1289,2026-06-01,88.0,27.0,4,515.26,store
2791,158,2026-06-01,86.0,7.0,4,66.81,web
2792,366,2026-06-01,22.0,44.0,8,493.01,store
2793,1393,2026-06-01,17.0,16.0,1,11.78,store
2794,312,2026-06-01,6.0,50.0,8,393.27,store
2795,70,2026-06-01,89.0,29.0,10,777.21,mobile
2796,1102,2026-06-01,87.0,48.0,3,408.98,web
2797,499,2026-06-01,81.0,2.0,7,308.77,store
2798,508,2026-06-01,19.0,38.0,4,273.1,store
2799,863,2026-06-01,29.0,14.0,4,51.86,mobile
2800,766,2026-06-01,37.0,23.0,2,408.58,web
2801,800,2026-06-01,20.0,2.0,10,284.86,web
2802,599,2026-06-01,15.0,34.0,7,327.98,store
2803,474,2026-06-01,99.0,18.0,5,13.0,mobile
2804,408,2026-06-01,29.0,22.0,3,67.47,web
2805,1424,2026-06-01,77.0,37.0,3,480.9,mobile
2806,869,2026-06-01,6.0,1.0,8,100.27,mobile
2807,947,2026-06-01,81.0,48.0,10,489.63,web
2808,1631,2026-06-01,4.0,22.0,5,66.06,web
2809,192,2026-06-01,23.0,36.0,5,59.44,web
2810,690,2026-06-01,43.0,3.0,1,221.37,mobile
2811,1134,2026-06-01,29.0,32.0,7,213.99,mobile
2812,744,2026-06-01,61.0,40.0,3,109.13,web
2813,397,2026-06-01,2.0,27.0,8,620.59,mobile
2814,47,2026-06-01,30.0,39.0,4,519.42,mobile
2815,770,2026-06-01,45.0,12.0,1,488.53,web
2816,284,2026-06-01,89.0,32.0,3,194.47,store
2817,778,2026-06-01,28.0,2.0,4,304.1,store
2818,1510,2026-06-01,43.0,27.0,2,533.98,store
2819,772,2026-06-01,78.0,12.0,2,520.3,mobile
2820,643,2026-06-01,74.0,40.0,3,120.29,mobile
2821,1552,2026-06-01,45.0,26.0,6,35.69,store
2822,1465,2026-06-01,8.0,46.0,4,117.81,web
2823,1324,2026-06-01,27.0,41.0,7,373.82,web
2824,602,2026-06-01,74.0,10.0,9,519.48,store
2825,385,2026-06-01,66.0,17.0,1,505.48,web
2826,1115,2026-06-01,38.0,6.0,1,439.28,web
2827,1529,2026-06-01,100.0,14.0,7,43.95,store
2828,1037,2026-06-01,4.0,48.0,8,463.77,mobile
2829,935,2026-06-01,36.0,5.0,10,542.84,mobile
2830,637,2026-06-01,2.0,18.0,10,10.42,web
2831,464,2026-06-01,51.0,1.0,7,108.74,web
2832,492,2026-06-01,64.0,20.0,1,507.85,web
2833,598,2026-06-01,38.0,2.0,4,300.7,mobile
2834,1259,2026-06-01,43.0,16.0,4,10.99,store
2835,724,2026-06-01,62.0,5.0,3,440.44,web
2836,1361,2026-06-01,56.0,31.0,10,24.71,web
2837,546,2026-06-01,50.0,32.0,1,231.32,store
2838,1287,2026-06-01,19.0,20.0,7,427.45,store
2839,414,2026-06-01,72.0,5.0,7,481.14,web
2840,1347,2026-06-01,67.0,14.0,2,50.37,store
2841,859,2026-06-01,100.0,15.0,5,92.31,web
2842,1322,2026-06-01,94.0,26.0,5,32.69,store
2843,218,2026-06-01,91.0,15.0,1,97.65,store
2844,29,2026-06-01,78.0,14.0,6,44.56,web
2845,691,2026-06-01,51.0,32.0,7,206.87,web
2846,323,2026-06-01,31.0,18.0,5,11.51,web
2847,739,2026-06-01,45.0,38.0,1,321.36,web
2848,1473,2026-06-01,66.0,3.0,4,247.56,web
2849,34,2026-06-01,24.0,20.0,2,421.87,store
2850,764,2026-06-01,4.0,2.0,10,359.71,store
2851,842,2026-06-01,77.0,1.0,8,102.62,store
2852,646,2026-06-01,28.0,43.0,8,368.31,web
2853,804,2026-06-01,100.0,5.0,7,532.72,web
2854,1274,2026-06-01,13.0,39.0,1,522.35,mobile
2855,1503,2026-06-01,99.0,20.0,4,499.3,web
2856,891,2026-06-01,96.0,38.0,2,303.5,web
2857,47,2026-06-01,51.0,46.0,7,119.51,mobile
2858,716,2026-06-01,46.0,33.0,7,408.94,store
2859,325,2026-06-01,79.0,33.0,1,398.02,store
2860,1271,2026-06-01,39.0,22.0,10,53.72,store
2861,1258,2026-06-01,57.0,47.0,6,424.63,store
2862,588,2026-06-01,46.0,34.0,7,300.2,mobile
2863,1109,2026-06-01,5.0,33.0,-6,406.65,web
2864,1294,2026-06-01,75.0,10.0,7,433.67,mobile
2865,1437,2026-06-01,1.0,47.0,8,447.49,store
2866,126,2026-06-01,1.0,25.0,4,552.59,mobile
2867,1258,2026-06-01,72.0,24.0,9,510.18,store
2868,1086,2026-06-01,17.0,43.0,9,446.7,store
2869,237,2026-06-01,53.0,48.0,5,528.95,store
2870,484,2026-06-01,51.0,10.0,8,444.14,mobile
2871,1239,2026-06-01,9.0,21.0,10,144.18,web
2872,621,2026-06-01,51.0,18.0,7,10.38,web
2873,1433,2026-06-01,18.0,14.0,4,45.43,mobile
2874,1214,2026-06-01,40.0,50.0,5,372.48,web
2875,1026,2026-06-01,36.0,7.0,1,66.16,web
2876,1232,2026-06-01,82.0,34.0,1,324.28,store
2877,1347,2026-06-01,47.0,47.0,1,348.8,mobile
2878,1366,2026-06-01,74.0,26.0,5,39.66,store
2879,858,2026-06-01,56.0,38.0,5,263.78,web
2880,333,2026-06-01,4.0,5.0,2,539.64,mobile
2881,1292,2026-06-01,47.0,42.0,4,359.4,store
2882,1138,2026-06-01,93.0,28.0,6,617.75,store
2883,1281,2026-06-01,11.0,8.0,3,152.37,mobile
2884,569,2026-06-01,99.0,14.0,2,40.47,store
2885,617,2026-06-01,2.0,33.0,7,385.29,web
2886,517,2026-06-01,87.0,8.0,7,171.34,web
2887,409,2026-06-01,63.0,50.0,4,347.89,web
2888,568,2026-06-01,80.0,29.0,7,761.06,web
2889,791,2026-06-01,61.0,9.0,6,477.91,store
2890,1211,2026-06-01,40.0,24.0,8,491.46,web
2891,850,2026-06-01,52.0,26.0,8,36.87,store
2892,13,2026-06-01,91.0,28.0,2,596.91,mobile
2893,785,2026-06-01,28.0,20.0,7,434.7,mobile
2894,717,2026-06-01,90.0,23.0,4,373.79,web
2895,1276,2026-06-01,2.0,44.0,4,396.86,web
2896,711,2026-06-01,54.0,33.0,9,398.31,mobile
2897,758,2026-06-01,22.0,24.0,9,505.24,web
2898,556,2026-06-01,59.0,22.0,9,52.68,mobile
2899,1548,2026-06-01,42.0,5.0,5,479.55,web
2900,1327,2026-06-01,3.0,40.0,6,118.16,mobile
2901,392,2026-06-01,43.0,2.0,6,292.55,web
2902,708,2026-06-01,8.0,45.0,2,459.7,store
2903,1610,2026-06-01,30.0,2.0,1,328.38,mobile
2904,1607,2026-06-01,78.0,21.0,1,137.39,web
2905,677,2026-06-01,32.0,32.0,1,227.41,store
2906,816,2026-06-01,67.0,5.0,6,550.48,store
2907,1208,2026-06-01,19.0,7.0,9,68.1,store
2908,1137,2026-06-01,91.0,10.0,4,545.88,store
2909,435,2026-06-01,91.0,32.0,6,185.87,web
2910,58,2026-06-01,10.0,45.0,8,430.91,mobile
2911,1448,2026-06-01,54.0,50.0,6,333.99,web
2912,1589,2026-06-01,46.0,15.0,1,104.93,mobile
2913,1413,2026-06-01,70.0,50.0,4,308.82,web
2914,1267,2026-06-01,26.0,14.0,4,39.85,store
2915,1465,2026-06-01,,33.0,8,375.91,mobile
2916,434,2026-06-01,80.0,15.0,7,94.61,store
2917,376,2026-06-01,14.0,9.0,9,461.03,mobile
2918,1426,2026-06-01,67.0,18.0,7,12.68,mobile
2919,1527,2026-06-01,38.0,28.0,9,508.75,mobile
2920,664,2026-06-01,70.0,29.0,3,787.02,store
2921,753,2026-06-01,82.0,40.0,6,110.14,store
2922,810,2026-06-01,80.0,43.0,9,365.67,mobile
2923,1490,2026-06-01,2.0,1.0,1,111.36,store
2924,1123,2026-06-01,85.0,50.0,10,351.64,store
2925,478,2026-06-01,13.0,47.0,8,405.81,web
2926,634,2026-06-01,5.0,33.0,9,414.21,web
2927,758,2026-06-01,72.0,46.0,9,140.74,web
2928,468,2026-06-01,63.0,44.0,8,417.58,store
2929,1607,2026-06-01,57.0,31.0,6,23.02,web
2930,584,2026-06-01,97.0,23.0,4,431.27,mobile
2931,1010,2026-06-01,97.0,33.0,7,406.71,web
2932,199,2026-06-01,36.0,7.0,6,68.84,store
2933,709,2026-06-01,72.0,16.0,7,10.99,store
2934,1566,2026-06-01,41.0,13.0,7,418.03,web
2935,1403,2026-06-01,13.0,19.0,8,552.06,store
2936,813,2026-06-01,99.0,46.0,7,140.89,store
2937,590,2026-06-01,96.0,48.0,9,410.94,web
2938,538,2026-06-01,81.0,37.0,7,569.69,mobile
2939,1460,2026-06-01,23.0,3.0,5,281.44,store
2940,1569,2026-06-01,35.0,32.0,9,203.85,store
2941,1428,2026-06-01,23.0,3.0,10,235.77,web
2942,861,2026-06-01,37.0,23.0,8,360.5,web
2943,1322,2026-06-01,37.0,28.0,4,508.71,store
2944,1223,2026-06-01,6.0,9.0,3,512.27,store
2945,1550,2026-06-01,54.0,9.0,10,470.4,store
2946,700,2026-06-01,39.0,32.0,2,225.3,store
2947,528,2026-06-01,12.0,22.0,3,67.01,web
2948,285,2026-06-01,77.0,13.0,6,415.31,mobile
2949,696,2026-06-01,37.0,28.0,2,531.45,mobile
2950,967,2026-06-01,90.0,40.0,3,105.8,store
2951,1198,2026-06-01,3.0,20.0,8,440.82,web
2952,1666,2026-06-01,14.0,39.0,4,460.15,web
2953,50,2026-06-01,51.0,38.0,4,328.71,web
2954,252,2026-06-01,82.0,26.0,2,35.85,store
2955,1266,2026-06-01,86.0,22.0,8,58.84,store
2956,912,2026-06-01,31.0,5.0,5,536.76,mobile
2957,1267,2026-06-01,51.0,47.0,9,439.66,store
2958,837,2026-06-01,85.0,2.0,6,326.19,store
2959,538,2026-06-01,82.0,3.0,5,279.98,web
2960,1366,2026-06-01,91.0,11.0,8,259.34,mobile
2961,896,2026-06-01,37.0,45.0,6,492.69,store
2962,177,2026-06-01,97.0,3.0,8,227.07,store
2963,269,2026-06-01,52.0,40.0,1,103.78,web
2964,952,2026-06-01,9.0,7.0,4,79.11,mobile
2965,1402,2026-06-01,77.0,9.0,10,495.88,mobile
2966,1574,2026-06-01,8.0,23.0,5,391.47,mobile
2967,1055,2026-06-01,99.0,45.0,10,0.0,web
2968,1210,2026-06-01,52.0,35.0,8,602.22,store
2969,499,2026-06-01,89.0,48.0,9,521.85,store
2970,408,2026-06-01,14.0,17.0,2,504.64,store
2971,1318,2026-06-01,63.0,45.0,3,451.96,store
2972,910,2026-06-01,98.0,43.0,5,435.83,store
2973,813,2026-06-01,73.0,9.0,5,497.99,mobile
2974,1583,2026-06-01,45.0,21.0,6,150.89,store
2975,66,2026-06-01,37.0,2.0,7,317.29,store
2976,1300,2026-06-01,8.0,29.0,4,796.94,mobile
2977,532,2026-06-01,62.0,37.0,4,502.4,store
2978,1629,2026-06-01,75.0,47.0,9,369.15,web
2979,784,2026-06-01,99.0,8.0,2,145.08,web
2980,1019,2026-06-01,10.0,33.0,4,429.15,mobile
2981,1312,2026-06-01,67.0,31.0,10,22.48,mobile
2982,1201,2026-06-01,23.0,49.0,1,45.73,mobile
2983,1486,2026-06-01,68.0,35.0,7,472.52,web
2984,1343,2026-06-01,42.0,24.0,3,489.14,mobile
2985,1402,2026-06-01,66.0,10.0,9,445.04,store
2986,980,2026-06-01,51.0,10.0,8,551.66,mobile
2987,447,2026-06-01,58.0,49.0,7,55.95,store
2988,258,2026-06-01,9.0,2.0,2,350.67,mobile
2989,1430,2026-06-01,30.0,17.0,7,548.93,web
2990,996,2026-06-01,64.0,1.0,5,92.51,web
2991,1321,2026-06-01,26.0,38.0,9,255.53,store
2992,894,2026-06-01,83.0,38.0,7,279.45,mobile
2993,441,2026-06-01,67.0,34.0,10,303.23,web
2994,345,2026-06-01,33.0,27.0,6,579.23,web
2995,639,2026-06-01,95.0,23.0,8,385.99,web
2996,1091,2026-06-01,86.0,39.0,10,512.44,web
2997,322,2026-06-01,54.0,13.0,10,529.68,store
2998,1499,2026-06-01,43.0,45.0,8,468.96,web
2999,231,2026-06-01,21.0,4.0,4,651.52,web
3000,1021,2026-06-01,42.0,19.0,10,519.34,web
3001,1293,2026-06-01,57.0,9.0,7,405.7,mobile
3002,810,2026-06-01,51.0,16.0,4,10.48,web
3003,1436,2026-06-01,78.0,19.0,9,439.81,store
3004,1328,2026-06-01,93.0,46.0,9,138.64,mobile
3005,17,2026-06-01,84.0,43.0,5,440.26,web
3006,1117,2026-06-01,25.0,49.0,1,52.32,store
3007,81,2026-06-01,34.0,7.0,3,75.03,web
3008,714,2026-06-01,98.0,15.0,3,110.01,mobile
3009,148,2026-06-01,13.0,24.0,4,482.34,mobile
3010,1664,2026-06-01,42.0,3.0,8,227.73,store
3011,1560,2026-06-01,11.0,39.0,8,437.3,mobile
3012,658,2026-06-01,99.0,40.0,6,103.79,store
3013,1507,2026-06-01,42.0,14.0,1,47.81,store
3014,23,2026-06-01,59.0,33.0,10,429.82,store
3015,129,2026-06-01,7.0,44.0,10,417.53,web
3016,143,2026-06-01,52.0,23.0,4,349.25,web
3017,809,2026-06-01,53.0,44.0,6,495.27,store
3018,132,2026-06-01,70.0,15.0,1,97.94,web
3019,1594,2026-06-01,28.0,18.0,3,10.9,web
3020,1648,2026-06-01,81.0,10.0,8,512.67,web
3021,1442,2026-06-01,63.0,36.0,5,67.34,store
3022,86,2026-06-01,52.0,7.0,5,72.5,web
3023,765,2026-06-01,71.0,3.0,4,245.8,web
3024,1369,2026-06-01,75.0,46.0,8,133.45,mobile
3025,635,2026-06-01,78.0,18.0,9,10.49,store
3026,258,2026-06-01,66.0,25.0,10,579.47,store
3027,889,2026-06-01,76.0,25.0,4,531.98,web
3028,1082,2026-06-01,47.0,8.0,6,172.43,web
3029,572,2026-06-01,53.0,18.0,9,12.31,store
3030,632,2026-06-01,70.0,31.0,2,28.42,web
3031,957,2026-06-01,25.0,44.0,1,500.41,store
3032,777,2026-06-01,58.0,1.0,9,95.76,store
3033,1313,2026-06-01,81.0,20.0,4,473.85,store
3034,1637,2026-06-01,63.0,47.0,7,403.56,web
3035,111,2026-06-01,37.0,32.0,7,198.78,mobile
3036,972,2026-06-01,28.0,12.0,3,472.88,store
3037,1535,2026-06-01,35.0,22.0,9,61.9,store
3038,177,2026-06-01,73.0,20.0,7,479.93,mobile
3039,1252,2026-06-01,70.0,9.0,8,501.67,mobile
3040,880,2026-06-01,20.0,2.0,7,306.08,mobile
3041,1216,2026-06-01,1.0,31.0,2,24.03,web
3042,1550,2026-06-01,13.0,18.0,8,10.97,web
3043,1159,2026-06-01,94.0,31.0,2,27.07,store
3044,6,2026-06-01,74.0,26.0,6,40.09,store
3045,953,2026-06-01,70.0,41.0,8,392.7,web
3046,909,2026-06-01,97.0,22.0,9,55.36,web
3047,1154,2026-06-01,69.0,20.0,5,510.22,mobile
3048,1168,2026-06-01,60.0,26.0,1,35.52,web
3049,466,2026-06-01,39.0,7.0,4,63.39,web
3050,634,2026-06-01,92.0,36.0,-8,61.3,store
3051,1650,2026-06-01,98.0,41.0,2,356.38,store
3052,769,2026-06-01,66.0,13.0,6,409.96,mobile
3053,1154,2026-06-01,35.0,30.0,4,416.46,mobile
3054,75,2026-06-01,80.0,24.0,1,555.41,store
3055,1084,2026-06-01,16.0,22.0,3,52.71,mobile
3056,1200,2026-06-01,1.0,4.0,1,633.88,store
3057,1354,2026-06-01,88.0,5.0,10,433.63,store
3058,207,2026-06-01,75.0,17.0,3,498.6,store
3059,931,2026-06-01,22.0,38.0,6,321.45,store
3060,584,2026-06-01,48.0,25.0,1,493.89,store
3061,1434,2026-06-01,78.0,9.0,10,523.31,store
3062,1641,2026-06-01,89.0,10.0,5,477.78,web
3063,726,2026-06-01,45.0,35.0,5,598.85,store
3064,205,2026-06-01,38.0,50.0,2,318.6,store
3065,814,2026-06-01,82.0,5.0,4,453.97,store
3066,1089,2026-06-01,99.0,10.0,7,558.03,store
3067,160,2026-06-01,91.0,47.0,9,454.44,store
3068,708,2026-06-01,5.0,18.0,9,10.17,store
3069,529,2026-06-01,84.0,48.0,5,439.49,mobile
3070,826,2026-06-01,6.0,20.0,9,476.93,web
3071,1478,2026-06-01,2.0,33.0,6,366.12,web
3072,76,2026-06-01,39.0,46.0,3,131.48,web
3073,1333,2026-06-01,3.0,3.0,2,274.82,web
3074,1280,2026-06-01,88.0,32.0,7,216.61,store
3075,155,2026-06-01,51.0,38.0,8,291.93,store
3076,1521,2026-06-01,47.0,34.0,8,292.41,web
3077,1569,2026-06-01,97.0,19.0,10,435.48,mobile
3078,1165,2026-06-01,90.0,16.0,6,11.06,mobile
3079,191,2026-06-01,41.0,45.0,6,475.09,web
3080,898,2026-06-01,4.0,37.0,1,522.47,web
3081,790,2026-06-01,5.0,35.0,10,599.81,web
3082,1073,2026-06-01,82.0,35.0,1,536.19,mobile
3083,1314,2026-06-01,66.0,23.0,8,345.93,store
3084,1008,2026-06-01,8.0,15.0,5,102.65,store
3085,88,2026-06-01,70.0,9.0,1,414.41,mobile
3086,495,2026-06-01,52.0,27.0,10,590.02,store
3087,892,2026-06-01,15.0,46.0,6,119.73,store
3088,1557,2026-06-01,13.0,7.0,10,78.95,web
3089,301,2026-06-01,3.0,16.0,4,11.4,store
3090,747,2026-06-01,84.0,17.0,9,532.47,store
3091,1468,2026-06-01,99.0,37.0,10,472.82,mobile
3092,1197,2026-06-01,33.0,15.0,8,107.59,store
3093,936,2026-06-01,11.0,26.0,3,41.68,mobile
3094,130,2026-06-01,68.0,41.0,5,349.2,store
3095,631,2026-06-01,21.0,14.0,10,41.97,mobile
3096,1410,2026-06-01,83.0,29.0,10,663.66,mobile
3097,96,2026-06-01,91.0,16.0,8,10.15,web
3098,93,2026-06-01,35.0,44.0,7,498.17,mobile
3099,813,2026-06-01,53.0,5.0,2,512.35,mobile
3100,947,2026-06-01,2.0,27.0,6,597.7,mobile
3101,1329,2026-06-01,78.0,8.0,10,182.43,mobile
3102,414,2026-06-01,2.0,42.0,9,369.5,web
3103,528,2026-06-01,31.0,15.0,8,112.57,mobile
3104,407,2026-06-01,28.0,49.0,10,57.5,web
3105,219,2026-06-01,78.0,6.0,4,380.61,store
3106,1062,2026-06-01,24.0,31.0,4,24.82,mobile
3107,278,2026-06-01,76.0,10.0,5,472.03,store
3108,610,2026-06-01,79.0,23.0,3,434.9,mobile
3109,26,2026-06-01,5.0,40.0,4,122.11,store
3110,3,2026-06-01,15.0,2.0,4,316.02,mobile
3111,854,2026-06-01,34.0,19.0,8,483.96,mobile
3112,261,2026-06-01,89.0,45.0,5,467.51,web
3113,1539,2026-06-01,18.0,40.0,10,104.93,store
3114,1341,2026-06-01,2.0,29.0,4,629.72,web
3115,776,2026-06-01,85.0,4.0,1,588.34,web
3116,121,2026-06-01,70.0,25.0,4,534.54,store
3117,1125,2026-06-01,3.0,46.0,4,147.58,mobile
3118,982,2026-06-01,47.0,28.0,7,545.41,web
3119,1400,2026-06-01,52.0,39.0,9,494.76,web
3120,827,2026-06-01,15.0,21.0,9,149.7,mobile
3121,1312,2026-06-01,86.0,10.0,5,458.73,mobile
3122,1631,2026-06-01,13.0,36.0,10,65.79,store
3123,498,2026-06-01,50.0,44.0,9,470.23,store
3124,454,2026-06-01,39.0,5.0,3,463.83,mobile
3125,1113,2026-06-01,10.0,16.0,2,12.51,web
3126,742,2026-06-01,72.0,5.0,6,-67.73,web
3127,1381,2026-06-01,73.0,38.0,6,269.42,mobile
3128,1410,2026-06-01,67.0,7.0,1,72.31,store
3129,683,2026-06-01,99.0,10.0,8,524.43,web
3130,359,2026-06-01,20.0,34.0,1,321.1,store
3131,239,2026-06-01,90.0,12.0,10,521.52,web
3132,159,2026-06-01,56.0,30.0,8,373.83,web
3133,1252,2026-06-01,4.0,33.0,2,387.58,store
3134,631,2026-06-01,66.0,34.0,8,313.09,mobile
3135,11,2026-06-01,44.0,6.0,10,428.69,store
3136,1333,2026-06-01,49.0,9.0,2,459.22,mobile
3137,1165,2026-06-01,32.0,46.0,3,139.26,web
3138,396,2026-06-01,31.0,32.0,3,205.55,store
3139,406,2026-06-01,4.0,2.0,5,305.92,store
3140,1004,2026-06-01,13.0,8.0,7,155.6,web
3141,1458,2026-06-01,30.0,1.0,3,90.45,web
3142,98,2026-06-01,2.0,47.0,1,426.67,mobile
3143,334,2026-06-01,50.0,43.0,4,407.76,mobile
3144,332,2026-06-01,19.0,25.0,2,566.61,store
3145,1220,2026-06-01,100.0,37.0,6,472.65,web
3146,31,2026-06-01,100.0,11.0,5,275.46,web
3147,1155,2026-06-01,55.0,7.0,10,66.26,mobile
3148,180,2026-06-01,89.0,8.0,6,168.22,web
3149,1357,2026-06-01,72.0,12.0,3,563.64,store
3150,558,2026-06-01,93.0,19.0,2,456.15,web
3151,601,2026-06-01,44.0,13.0,9,485.82,store
3152,174,2026-06-01,21.0,7.0,4,70.85,store
3153,710,2026-06-01,44.0,1.0,8,99.17,store
3154,203,2026-06-01,78.0,39.0,2,446.31,store
3155,1175,2026-06-01,66.0,16.0,6,11.1,store
3156,890,2026-06-01,98.0,21.0,10,161.02,mobile
3157,55,2026-06-01,57.0,13.0,2,483.73,store
3158,403,2026-06-01,43.0,47.0,8,420.93,store
3159,1082,2026-06-01,55.0,40.0,5,125.27,mobile
3160,1308,2026-06-01,48.0,21.0,3,156.06,store
3161,700,2026-06-01,23.0,41.0,6,374.54,mobile
3162,262,2026-06-01,6.0,4.0,2,672.65,store
3163,1557,2026-06-01,92.0,17.0,6,472.69,web
3164,982,2026-06-01,80.0,6.0,6,358.92,web
3165,973,2026-06-01,1.0,48.0,5,475.98,store
3166,1251,2026-06-01,84.0,7.0,5,69.59,mobile
3167,604,2026-06-01,39.0,33.0,2,359.85,web
3168,109,2026-06-01,14.0,8.0,2,169.59,store
3169,846,2026-06-01,19.0,30.0,7,380.15,web
3170,817,2026-06-01,11.0,3.0,2,233.93,store
3171,1593,2026-06-01,13.0,33.0,8,385.83,store
3172,511,2026-06-01,6.0,18.0,-1,12.77,store
3173,433,2026-06-01,68.0,43.0,9,458.49,mobile
3174,953,2026-06-01,31.0,4.0,1,613.74,mobile
3175,586,2026-06-01,40.0,27.0,1,519.64,store
3176,33,2026-06-01,54.0,46.0,7,131.43,mobile
3177,895,2026-06-01,80.0,24.0,5,613.07,mobile
3178,1585,2026-06-01,83.0,37.0,9,443.38,web
3179,650,2026-06-01,33.0,8.0,3,142.15,web
3180,1506,2026-06-01,24.0,11.0,4,269.96,store
3181,1610,2026-06-01,82.0,36.0,2,54.54,web
3182,921,2026-06-01,59.0,21.0,5,156.89,mobile
3183,1449,2026-06-01,29.0,23.0,9,345.53,web
3184,1229,2026-06-01,53.0,24.0,7,490.91,store
3185,368,2026-06-01,69.0,27.0,1,582.33,web
3186,1258,2026-06-01,74.0,23.0,1,388.52,mobile
3187,1484,2026-06-01,68.0,43.0,6,411.71,web
3188,1148,2026-06-01,23.0,28.0,7,503.96,mobile
3189,2,2026-06-01,60.0,11.0,1,283.2,store
3190,1157,2026-06-01,61.0,28.0,7,537.3,web
3191,1633,2026-06-01,84.0,50.0,9,396.42,web
3192,1479,2026-06-01,50.0,26.0,6,32.26,store
3193,1203,2026-06-01,19.0,43.0,8,373.27,web
3194,390,2026-06-01,81.0,21.0,8,149.51,web
3195,591,2026-06-01,40.0,5.0,7,461.2,mobile
3196,777,2026-06-01,52.0,22.0,9,58.97,mobile
3197,801,2026-06-01,13.0,46.0,7,138.62,mobile
3198,1423,2026-06-01,69.0,23.0,4,411.37,mobile
3199,1366,2026-06-01,82.0,30.0,10,328.56,web
3200,1633,2026-06-01,27.0,30.0,6,355.21,store
3201,575,2026-06-01,54.0,42.0,9,410.14,store
3202,569,2026-06-01,61.0,39.0,4,514.57,store
3203,349,2026-06-01,50.0,33.0,7,431.76,web
3204,57,2026-06-01,71.0,42.0,6,321.88,mobile
3205,1401,2026-06-01,14.0,39.0,1,501.5,store
3206,886,2026-06-01,5.0,14.0,3,44.73,web
3207,1567,2026-06-01,56.0,2.0,3,283.07,mobile
3208,1648,2026-06-01,21.0,26.0,3,41.07,web
3209,1258,2026-06-01,81.0,32.0,3,195.0,web
3210,1063,2026-06-01,26.0,33.0,7,446.6,store
3211,559,2026-06-01,85.0,49.0,10,54.31,web
3212,1263,2026-06-01,56.0,6.0,6,415.63,store
3213,28,2026-06-01,9.0,4.0,10,643.28,store
3214,184,2026-06-01,5.0,50.0,6,315.93,mobile
3215,179,2026-06-01,85.0,20.0,1,477.25,web
3216,401,2026-06-01,28.0,6.0,7,424.81,mobile
3217,555,2026-06-01,63.0,4.0,4,692.08,mobile
3218,1608,2026-06-01,48.0,9.0,1,498.81,mobile
3219,1246,2026-06-01,89.0,23.0,2,383.37,web
3220,510,2026-06-01,12.0,46.0,10,121.32,web
3221,906,2026-06-01,26.0,48.0,9,516.86,web
3222,775,2026-06-01,17.0,24.0,6,587.71,web
3223,1019,2026-06-01,49.0,44.0,8,416.98,store
3224,105,2026-06-01,88.0,4.0,4,561.44,store
3225,310,2026-06-01,98.0,46.0,7,147.17,mobile
3226,62,2026-06-01,96.0,12.0,10,538.01,web
3227,1493,2026-06-01,73.0,43.0,4,441.07,web
3228,1354,2026-06-01,83.0,47.0,8,418.56,web
3229,653,2026-06-01,87.0,33.0,2,384.86,store
3230,711,2026-06-01,51.0,45.0,3,492.2,mobile
3231,1631,2026-06-01,78.0,10.0,9,443.15,store
3232,91,2026-06-01,,35.0,1,536.0,mobile
3233,56,2026-06-01,70.0,16.0,5,12.21,mobile
3234,672,2026-06-01,70.0,40.0,1,102.0,mobile
3235,1653,2026-06-01,23.0,21.0,4,173.44,store
3236,593,2026-06-01,26.0,22.0,4,66.37,mobile
3237,415,2026-06-01,88.0,19.0,6,494.22,mobile
3238,824,2026-06-01,77.0,2.0,8,307.55,web
3239,880,2026-06-01,55.0,28.0,4,633.43,store
3240,1461,2026-06-01,69.0,3.0,4,273.52,store
3241,1347,2026-06-01,89.0,20.0,9,444.8,store
3242,1190,2026-06-01,40.0,17.0,10,446.23,store
3243,1524,2026-06-01,68.0,46.0,4,117.24,store
3244,1161,2026-06-01,6.0,7.0,7,76.62,mobile
3245,1520,2026-06-01,54.0,10.0,5,434.28,web
3246,1622,2026-06-01,96.0,15.0,4,100.88,mobile
3247,1000,2026-06-01,45.0,40.0,8,122.73,store
3248,391,2026-06-01,33.0,11.0,10,249.65,web
3249,1384,2026-06-01,26.0,40.0,3,112.87,web
3250,1179,2026-06-01,33.0,3.0,5,227.45,mobile
3251,1168,2026-06-01,4.0,50.0,5,386.52,web
3252,84,2026-06-01,59.0,5.0,8,441.77,store
3253,229,2026-06-01,38.0,39.0,2,467.91,store
3254,98,2026-06-01,1.0,17.0,2,536.42,web
3255,1568,2026-06-01,4.0,25.0,7,458.48,web
3256,1341,2026-06-01,39.0,46.0,3,123.34,web
3257,511,2026-06-01,58.0,42.0,8,358.51,store
3258,217,2026-06-01,88.0,50.0,7,352.35,web
3259,810,2026-06-01,32.0,45.0,2,395.85,mobile
3260,365,2026-06-01,77.0,47.0,6,397.96,mobile
3261,346,2026-06-01,98.0,39.0,1,467.52,mobile
3262,137,2026-06-01,78.0,43.0,2,369.43,store
3263,1215,2026-06-01,73.0,7.0,3,67.26,mobile
3264,939,2026-06-01,35.0,23.0,9,373.4,store
3265,1051,2026-06-01,78.0,38.0,5,288.79,mobile
3266,1640,2026-06-01,8.0,4.0,8,558.57,mobile
3267,439,2026-06-01,75.0,12.0,2,497.45,mobile
3268,1214,2026-06-01,31.0,26.0,7,38.25,mobile
3269,597,2026-06-01,37.0,20.0,7,412.38,mobile
3270,745,2026-06-01,26.0,40.0,6,123.59,store
3271,1177,2026-06-01,2.0,26.0,9,39.69,web
3272,405,2026-06-01,83.0,2.0,6,286.3,store
3273,351,2026-06-01,97.0,40.0,8,102.58,web
3274,925,2026-06-01,90.0,50.0,1,364.27,store
3275,249,2026-06-01,18.0,46.0,1,129.29,web
3276,636,2026-06-01,2.0,33.0,6,402.39,store
3277,998,2026-06-01,91.0,5.0,8,501.59,mobile
3278,1209,2026-06-01,67.0,50.0,6,335.66,mobile
3279,1388,2026-06-01,74.0,33.0,2,397.68,store
3280,894,2026-06-01,5.0,49.0,5,48.7,store
3281,906,2026-06-01,94.0,22.0,8,62.17,web
3282,1170,2026-06-01,36.0,24.0,6,548.78,web
3283,705,2026-06-01,96.0,2.0,1,358.5,web
3284,1178,2026-06-01,4.0,19.0,9,491.8,mobile
3285,216,2026-06-01,43.0,43.0,3,449.95,web
3286,537,2026-06-01,4.0,26.0,5,35.37,mobile
3287,477,2026-06-01,17.0,18.0,4,11.9,mobile
3288,1573,2026-06-01,47.0,12.0,4,490.62,store
3289,1612,2026-06-01,85.0,37.0,1,509.66,mobile
3290,220,2026-06-01,65.0,16.0,3,10.76,web
3291,754,2026-06-01,40.0,30.0,2,410.55,mobile
3292,1290,2026-06-01,12.0,28.0,-9,487.79,store
3293,1654,2026-06-01,75.0,40.0,4,120.48,store
3294,473,2026-06-01,29.0,5.0,9,518.69,web
3295,1328,2026-06-01,35.0,20.0,9,484.54,mobile
3296,6,2026-06-01,99.0,32.0,6,202.28,web
3297,387,2026-06-01,75.0,14.0,5,40.55,web
3298,1228,2026-06-01,47.0,50.0,6,401.85,store
3299,753,2026-06-01,22.0,47.0,9,396.55,web
3300,35,2026-06-01,67.0,37.0,4,494.66,mobile
3301,427,2026-06-01,27.0,1.0,10,105.43,store
3302,690,2026-06-01,14.0,21.0,3,169.61,web
3303,951,2026-06-01,17.0,45.0,3,469.71,mobile
3304,547,2026-06-01,61.0,25.0,10,536.11,store
3305,701,2026-06-01,38.0,30.0,5,394.78,web
3306,876,2026-06-01,58.0,23.0,7,385.74,store
3307,665,2026-06-01,78.0,40.0,5,103.01,mobile
3308,1404,2026-06-01,81.0,4.0,10,552.11,mobile
3309,1432,2026-06-01,38.0,32.0,8,217.34,web
3310,423,2026-06-01,8.0,12.0,7,-87.06,store
3311,1573,2026-06-01,35.0,8.0,10,177.04,mobile
3312,1639,2026-06-01,23.0,1.0,5,110.3,mobile
3313,468,2026-06-01,56.0,26.0,1,33.37,store
3314,1350,2026-06-01,77.0,18.0,4,13.06,mobile
3315,64,2026-06-01,77.0,1.0,1,104.56,web
3316,84,2026-06-01,74.0,48.0,9,524.86,web
3317,774,2026-06-01,22.0,50.0,9,334.85,store
3318,1162,2026-06-01,33.0,30.0,1,388.88,web
3319,747,2026-06-01,20.0,40.0,7,102.44,mobile
3320,1496,2026-06-01,82.0,11.0,2,229.63,web
3321,1542,2026-06-01,59.0,21.0,8,137.58,web
3322,340,2026-06-01,66.0,22.0,3,55.77,store
3323,1087,2026-06-01,38.0,16.0,1,11.94,web
3324,1146,2026-06-01,37.0,49.0,3,57.27,store
3325,307,2026-06-01,56.0,45.0,2,420.96,mobile
3326,6,2026-06-01,51.0,45.0,4,428.44,store
3327,405,2026-06-01,90.0,10.0,4,512.44,mobile
3328,299,2026-06-01,69.0,8.0,7,140.66,web
3329,1305,2026-06-01,44.0,21.0,4,157.67,mobile
3330,1268,2026-06-01,45.0,18.0,3,12.64,web
3331,937,2026-06-01,76.0,18.0,2,10.18,store
3332,30,2026-06-01,80.0,7.0,5,64.8,web
3333,598,2026-06-01,67.0,37.0,5,447.32,web
3334,989,2026-06-01,18.0,25.0,2,563.85,mobile
3335,437,2026-06-01,75.0,36.0,3,60.53,store
3336,553,2026-06-01,2.0,28.0,9,574.6,web
3337,1563,2026-06-01,49.0,19.0,5,516.41,store
3338,221,2026-06-01,45.0,18.0,-5,11.06,web
3339,1270,2026-06-01,40.0,8.0,5,181.76,mobile
3340,12,2026-06-01,40.0,14.0,9,44.52,web
3341,1278,2026-06-01,10.0,26.0,2,39.54,mobile
3342,168,2026-06-01,93.0,25.0,3,473.46,mobile
3343,373,2026-06-01,49.0,7.0,6,62.66,mobile
3344,960,2026-06-01,6.0,20.0,9,507.7,mobile
3345,1360,2026-06-01,86.0,24.0,3,512.25,store
3346,738,2026-06-01,83.0,28.0,6,600.25,mobile
3347,993,2026-06-01,53.0,14.0,3,39.87,store
3348,1085,2026-06-01,84.0,7.0,10,78.33,web
3349,697,2026-06-01,52.0,32.0,8,218.98,mobile
3350,749,2026-06-01,97.0,45.0,10,482.3,store
3351,141,2026-06-01,12.0,11.0,5,271.45,store
3352,262,2026-06-01,84.0,36.0,8,63.41,mobile
3353,411,2026-06-01,7.0,10.0,7,465.17,web
3354,1337,2026-06-01,13.0,5.0,3,523.12,store
3355,876,2026-06-01,47.0,46.0,5,133.89,web
3356,531,2026-06-01,17.0,19.0,10,455.95,web
3357,1499,2026-06-01,34.0,50.0,1,355.13,web
3358,477,2026-06-01,27.0,27.0,7,565.72,web
3359,1016,2026-06-01,77.0,36.0,5,54.78,web
3360,531,2026-06-01,63.0,47.0,9,392.5,web
3361,946,2026-06-01,9.0,6.0,2,395.45,store
3362,485,2026-06-01,77.0,34.0,9,292.47,web
3363,782,2026-06-01,19.0,37.0,5,458.16,store
3364,608,2026-06-01,6.0,24.0,2,597.39,mobile
3365,1607,2026-06-01,70.0,28.0,5,592.16,web
3366,1641,2026-06-01,59.0,17.0,9,516.46,mobile
3367,1436,2026-06-01,1.0,28.0,9,501.92,mobile
3368,1255,2026-06-01,39.0,23.0,4,409.02,store
3369,1397,2026-06-01,58.0,49.0,4,51.4,store
3370,1023,2026-06-01,18.0,49.0,3,53.79,store
3371,599,2026-06-01,89.0,2.0,4,345.05,mobile
3372,1089,2026-06-01,74.0,24.0,10,527.78,store
3373,525,2026-06-01,23.0,6.0,1,375.8,store
3374,980,2026-06-01,93.0,33.0,8,402.51,store
3375,652,2026-06-01,7.0,2.0,2,283.15,web
3376,55,2026-06-01,10.0,19.0,8,494.24,web
3377,749,2026-06-01,53.0,3.0,5,255.93,web
3378,1093,2026-06-01,66.0,39.0,1,550.28,web
3379,1429,2026-06-01,48.0,23.0,7,343.22,web
3380,690,2026-06-01,44.0,12.0,-7,556.05,store
3381,135,2026-06-01,58.0,23.0,9,428.7,store
3382,1420,2026-06-01,48.0,7.0,3,71.23,web
3383,112,2026-06-01,44.0,8.0,9,159.97,mobile
3384,538,2026-06-01,47.0,20.0,7,503.52,mobile
3385,343,2026-06-01,39.0,33.0,7,461.94,store
3386,217,2026-06-01,78.0,35.0,4,584.48,web
3387,1603,2026-06-01,90.0,30.0,8,383.99,store
3388,314,2026-06-01,13.0,28.0,5,619.84,web
3389,741,2026-06-01,76.0,30.0,6,372.8,store
3390,164,2026-06-01,83.0,37.0,7,502.99,store
3391,475,2026-06-01,6.0,29.0,7,652.96,web
3392,137,2026-06-01,23.0,35.0,2,548.33,web
3393,1114,2026-06-01,11.0,8.0,7,163.17,store
3394,1469,2026-06-01,74.0,9.0,4,434.81,web
3395,753,2026-06-01,4.0,46.0,1,148.03,store
3396,625,2026-06-01,86.0,11.0,5,250.03,store
3397,861,2026-06-01,66.0,33.0,4,393.92,mobile
3398,692,2026-06-01,17.0,8.0,9,161.09,store
3399,232,2026-06-01,33.0,7.0,5,66.54,store
3400,28,2026-06-01,71.0,33.0,3,382.96,store
3401,29,2026-06-01,70.0,25.0,8,528.02,mobile
3402,1215,2026-06-01,54.0,23.0,5,361.15,mobile
3403,255,2026-06-01,96.0,2.0,4,334.65,web
3404,680,2026-06-01,73.0,5.0,9,496.89,store
3405,1385,2026-06-01,21.0,44.0,2,427.72,web
3406,652,2026-06-01,38.0,12.0,9,481.86,web
3407,81,2026-06-01,20.0,49.0,10,49.1,mobile
3408,1071,2026-06-01,16.0,10.0,7,562.96,store
3409,57,2026-06-01,26.0,22.0,2,59.81,web
3410,1035,2026-06-01,90.0,41.0,1,345.36,web
3411,977,2026-06-01,26.0,44.0,4,419.52,web
3412,25,2026-06-01,14.0,7.0,3,76.41,mobile
3413,40,2026-06-01,15.0,48.0,2,514.54,mobile
3414,1135,2026-06-01,76.0,42.0,2,373.58,store
3415,910,2026-06-01,19.0,6.0,8,453.93,web
3416,1227,2026-06-01,67.0,49.0,8,55.24,mobile
3417,975,2026-06-01,77.0,44.0,2,412.75,web
3418,61,2026-06-01,76.0,24.0,10,484.36,store
3419,1295,2026-06-01,1.0,29.0,3,802.45,web
3420,138,2026-06-01,100.0,23.0,8,440.58,store
3421,922,2026-06-01,85.0,31.0,5,28.03,mobile
3422,727,2026-06-01,54.0,25.0,9,579.04,store
3423,523,2026-06-01,45.0,10.0,8,519.98,mobile
3424,640,2026-06-01,46.0,40.0,10,120.88,web
3425,579,2026-06-01,67.0,8.0,6,152.01,web
3426,543,2026-06-01,74.0,4.0,6,568.61,mobile
3427,500,2026-06-01,27.0,7.0,10,73.87,mobile
3428,1415,2026-06-01,30.0,15.0,1,106.16,mobile
3429,1447,2026-06-01,27.0,30.0,3,412.0,web
3430,235,2026-06-01,69.0,38.0,6,292.01,web
3431,1124,2026-06-01,8.0,25.0,10,571.42,store
3432,1299,2026-06-01,44.0,42.0,1,342.14,mobile
3433,1141,2026-06-01,59.0,7.0,1,73.63,web
3434,353,2026-06-01,2.0,27.0,4,579.63,mobile
3435,74,2026-06-01,73.0,7.0,3,76.28,store
3436,1303,2026-06-01,89.0,37.0,7,496.91,web
3437,446,2026-06-01,33.0,9.0,6,475.52,store
3438,1039,2026-06-01,46.0,10.0,10,431.48,mobile
3439,950,2026-06-01,93.0,14.0,3,41.52,web
3440,794,2026-06-01,21.0,34.0,9,343.59,store
3441,930,2026-06-01,59.0,6.0,6,462.11,store
3442,974,2026-06-01,30.0,26.0,8,39.27,mobile
3443,232,2026-06-01,30.0,4.0,10,708.32,web
3444,231,2026-06-01,54.0,,2,139.65,store
3445,815,2026-06-01,34.0,48.0,2,479.88,mobile
3446,1449,2026-06-01,65.0,34.0,9,296.32,store
3447,1187,2026-06-01,66.0,49.0,9,57.3,web
3448,336,2026-06-01,58.0,15.0,3,93.02,store
3449,7,2026-06-01,86.0,49.0,1,50.71,store
3450,64,2026-06-01,43.0,2.0,1,342.48,mobile
3451,771,2026-06-01,97.0,39.0,6,529.57,web
3452,831,2026-06-01,78.0,42.0,3,318.13,web
3453,190,2026-06-01,23.0,8.0,5,178.99,web
3454,1236,2026-06-01,30.0,2.0,6,349.88,store
3455,34,2026-06-01,75.0,,7,144.12,web
3456,1512,2026-06-01,54.0,8.0,1,179.22,web
3457,137,2026-06-01,97.0,29.0,10,723.47,store
3458,177,2026-06-01,67.0,10.0,2,533.3,store
3459,1320,2026-06-01,100.0,7.0,4,71.07,web
3460,493,2026-06-01,48.0,19.0,9,549.14,web
3461,919,2026-06-01,99.0,9.0,5,484.35,store
3462,1511,2026-06-01,6.0,15.0,3,93.42,mobile
3463,301,2026-06-01,47.0,34.0,9,334.95,mobile
3464,392,2026-06-01,20.0,13.0,10,458.84,web
3465,1050,2026-06-01,84.0,46.0,8,133.55,store
3466,1240,2026-06-01,66.0,19.0,3,485.54,mobile
3467,1214,2026-06-01,12.0,47.0,1,387.07,mobile
3468,252,2026-06-01,37.0,46.0,3,129.18,mobile
3469,239,2026-06-01,55.0,15.0,1,99.36,web
3470,464,2026-06-01,97.0,31.0,10,21.88,web
3471,288,2026-06-01,17.0,13.0,9,496.4,mobile
3472,1643,2026-06-01,25.0,4.0,10,672.61,mobile
3473,768,2026-06-01,31.0,43.0,8,412.7,web
3474,988,2026-06-01,13.0,43.0,3,387.89,store
3475,1051,2026-06-01,33.0,15.0,2,89.65,store
3476,350,2026-06-01,63.0,7.0,1,67.27,mobile
3477,152,2026-06-01,92.0,45.0,7,446.68,web
3478,1099,2026-06-01,30.0,42.0,4,381.56,mobile
3479,1205,2026-06-01,34.0,6.0,1,454.74,mobile
3480,1570,2026-06-01,46.0,26.0,2,41.33,web
3481,77,2026-06-01,41.0,13.0,3,439.98,mobile
3482,533,2026-06-01,36.0,50.0,10,377.88,store
3483,557,2026-06-01,82.0,33.0,2,405.36,web
3484,1092,2026-06-01,74.0,35.0,7,494.92,store
3485,927,2026-06-01,33.0,20.0,6,448.09,mobile
3486,1210,2026-06-01,15.0,14.0,2,48.27,store
3487,1173,2026-06-01,49.0,34.0,7,268.6,store
3488,954,2026-06-01,58.0,32.0,4,182.27,web
3489,714,2026-06-01,53.0,23.0,9,436.67,store
3490,876,2026-06-01,97.0,44.0,1,448.16,store
3491,410,2026-06-01,31.0,30.0,7,346.43,web
3492,550,2026-06-01,56.0,5.0,7,492.87,web
3493,1157,2026-06-01,39.0,34.0,3,273.42,store
3494,155,2026-06-01,13.0,18.0,9,10.73,mobile
3495,1021,2026-06-01,96.0,39.0,10,536.09,store
3496,341,2026-06-01,60.0,36.0,8,70.41,web
3497,1254,2026-06-01,1.0,9.0,1,527.44,store
3498,949,2026-06-01,75.0,38.0,2,266.84,web
3499,468,2026-06-01,97.0,33.0,10,389.55,store
3500,1055,2026-06-01,51.0,36.0,10,60.8,store
3501,800,2026-06-01,32.0,33.0,4,420.25,web
3502,1078,2026-06-01,5.0,19.0,4,474.06,mobile
3503,199,2026-06-01,14.0,37.0,2,493.55,store
3504,522,2026-06-01,7.0,47.0,3,364.94,store
3505,534,2026-06-01,68.0,28.0,9,498.36,store
3506,1593,2026-06-01,52.0,21.0,8,159.21,mobile
3507,1562,2026-06-01,47.0,9.0,10,456.47,store
3508,210,2026-06-01,,12.0,3,475.61,web
3509,176,2026-06-01,18.0,9.0,10,451.37,store
3510,1658,2026-06-01,78.0,6.0,8,455.07,web
3511,1105,2026-06-01,6.0,47.0,5,402.98,store
3512,1250,2026-06-01,87.0,45.0,9,431.06,store
3513,226,2026-06-01,73.0,30.0,1,375.72,store
3514,260,2026-06-01,64.0,40.0,4,-21.17,web
3515,962,2026-06-01,68.0,3.0,6,253.12,web
3516,709,2026-06-01,87.0,3.0,7,257.18,web
3517,1651,2026-06-01,30.0,19.0,9,532.35,store
3518,1519,2026-06-01,41.0,23.0,1,352.1,store
3519,253,2026-06-01,60.0,12.0,6,489.63,web
3520,1217,2026-06-01,27.0,44.0,5,0.0,store
3521,210,2026-06-01,26.0,6.0,6,368.31,mobile
3522,1122,2026-06-01,89.0,22.0,9,65.25,mobile
3523,779,2026-06-01,73.0,14.0,10,45.16,store
3524,857,2026-06-01,17.0,20.0,2,460.31,mobile
3525,362,2026-06-01,96.0,5.0,1,509.74,web
3526,978,2026-06-01,3.0,36.0,1,65.83,web
3527,321,2026-06-01,21.0,45.0,6,414.93,store
3528,1665,2026-06-01,46.0,18.0,3,11.77,web
3529,619,2026-06-01,3.0,16.0,2,12.08,store
3530,106,2026-06-01,28.0,42.0,6,352.06,web
3531,1125,2026-06-01,91.0,21.0,6,132.66,web
3532,406,2026-06-01,16.0,5.0,4,488.98,web
3533,1338,2026-06-01,49.0,44.0,10,459.82,web
3534,1578,2026-06-01,20.0,31.0,2,28.15,mobile
3535,772,2026-06-01,13.0,23.0,10,409.25,mobile
3536,453,2026-06-01,88.0,9.0,10,431.17,web
3537,104,2026-06-01,82.0,14.0,3,40.63,store
3538,1631,2026-06-01,87.0,14.0,2,39.79,web
3539,337,2026-06-01,,5.0,9,471.86,mobile
3540,1346,2026-06-01,94.0,31.0,7,23.61,store
3541,225,2026-06-01,77.0,18.0,4,12.84,mobile
3542,1664,2026-06-01,67.0,37.0,7,524.41,web
3543,1237,2026-06-01,3.0,33.0,10,438.16,mobile
3544,860,2026-06-01,99.0,20.0,4,398.82,web
3545,711,2026-06-01,55.0,21.0,2,137.81,store
3546,486,2026-06-01,65.0,7.0,10,67.92,web
3547,411,2026-06-01,96.0,37.0,6,445.17,mobile
3548,1484,2026-06-01,29.0,37.0,10,569.36,web
3549,328,2026-06-01,23.0,5.0,4,444.3,web
3550,584,2026-06-01,52.0,30.0,5,345.94,mobile
3551,1071,2026-06-01,85.0,41.0,2,351.31,store
3552,1155,2026-06-01,96.0,46.0,9,139.79,store
3553,1536,2026-06-01,51.0,46.0,7,134.53,mobile
3554,1500,2026-06-01,66.0,36.0,8,68.16,web
3555,461,2026-06-01,32.0,38.0,2,312.67,store
3556,1236,2026-06-01,87.0,12.0,5,500.91,mobile
3557,259,2026-06-01,57.0,50.0,7,402.43,web
3558,786,2026-06-01,39.0,3.0,6,280.86,web
3559,183,2026-06-01,58.0,13.0,4,421.33,store
3560,487,2026-06-01,38.0,45.0,6,464.2,mobile
3561,475,2026-06-01,64.0,2.0,5,313.57,mobile
3562,1649,2026-06-01,30.0,10.0,9,506.65,store
3563,459,2026-06-01,34.0,7.0,7,61.87,web
3564,238,2026-06-01,17.0,19.0,8,498.32,web
3565,659,2026-06-01,50.0,2.0,6,296.83,store
3566,374,2026-06-01,93.0,16.0,9,12.07,web
3567,90,2026-06-01,29.0,35.0,8,532.48,store
3568,1175,2026-06-01,17.0,2.0,3,333.79,mobile
3569,1403,2026-06-01,33.0,31.0,8,27.27,mobile
3570,1657,2026-06-01,78.0,11.0,4,270.06,web
3571,660,2026-06-01,70.0,41.0,2,422.21,mobile
3572,1336,2026-06-01,25.0,36.0,4,58.03,web
3573,1270,2026-06-01,25.0,43.0,1,452.67,mobile
3574,311,2026-06-01,7.0,50.0,7,355.6,web
3575,1395,2026-06-01,89.0,3.0,9,222.77,mobile
3576,605,2026-06-01,77.0,7.0,10,66.56,store
3577,935,2026-06-01,63.0,5.0,5,539.95,store
3578,1005,2026-06-01,100.0,46.0,4,119.14,mobile
3579,3,2026-06-01,5.0,3.0,5,285.54,mobile
3580,1368,2026-06-01,3.0,41.0,9,397.84,store
3581,1565,2026-06-01,88.0,43.0,9,396.17,mobile
3582,276,2026-06-01,55.0,1.0,3,108.9,store
3583,210,2026-06-01,8.0,13.0,4,431.36,mobile
3584,117,2026-06-01,70.0,30.0,2,329.23,mobile
3585,404,2026-06-01,46.0,10.0,1,434.05,mobile
3586,391,2026-06-01,10.0,27.0,3,553.16,store
3587,876,2026-06-01,100.0,6.0,4,434.64,mobile
3588,677,2026-06-01,79.0,41.0,1,382.9,web
3589,439,2026-06-01,100.0,13.0,7,516.3,web
3590,1162,2026-06-01,97.0,14.0,2,40.07,web
3591,1011,2026-06-01,11.0,5.0,6,489.41,web
3592,498,2026-06-01,65.0,24.0,6,508.93,web
3593,1335,2026-06-01,19.0,27.0,3,510.29,web
3594,1276,2026-06-01,31.0,11.0,2,268.09,web
3595,1634,2026-06-01,1.0,6.0,1,451.07,store
3596,648,2026-06-01,69.0,11.0,10,249.51,store
3597,464,2026-06-01,50.0,12.0,5,568.64,store
3598,175,2026-06-01,79.0,38.0,-2,288.26,mobile
3599,1480,2026-06-01,83.0,32.0,5,226.02,store
3600,155,2026-06-01,25.0,36.0,3,62.43,mobile
3601,1239,2026-06-01,46.0,21.0,9,146.91,mobile
3602,451,2026-06-01,95.0,2.0,4,325.0,web
3603,1379,2026-06-01,74.0,33.0,4,425.94,store
3604,917,2026-06-01,67.0,45.0,4,429.52,mobile
3605,293,2026-06-01,90.0,3.0,7,267.49,mobile
3606,298,2026-06-01,55.0,42.0,9,400.11,web
3607,1295,2026-06-01,85.0,12.0,6,521.02,store
3608,411,2026-06-01,74.0,35.0,7,518.42,web
3609,309,2026-06-01,65.0,35.0,8,471.81,store
3610,1085,2026-06-01,69.0,40.0,1,127.07,store
3611,1619,2026-06-01,97.0,8.0,3,181.99,web
3612,923,2026-06-01,33.0,10.0,7,496.99,mobile
3613,1273,2026-06-01,1.0,29.0,1,763.49,store
3614,982,2026-06-01,97.0,34.0,7,343.99,web
3615,7,2026-06-01,26.0,40.0,4,114.03,store
3616,722,2026-06-01,72.0,46.0,9,128.21,mobile
3617,514,2026-06-01,89.0,10.0,6,557.11,web
3618,1622,2026-06-01,99.0,7.0,9,69.78,mobile
3619,488,2026-06-01,13.0,23.0,9,417.45,store
3620,867,2026-06-01,52.0,42.0,10,352.54,mobile
3621,1012,2026-06-01,17.0,5.0,6,530.41,web
3622,942,2026-06-01,61.0,47.0,1,423.21,web
3623,546,2026-06-01,90.0,37.0,2,467.81,mobile
3624,324,2026-06-01,18.0,36.0,7,67.21,mobile
3625,868,2026-06-01,32.0,47.0,10,391.82,store
3626,687,2026-06-01,71.0,38.0,1,286.13,store
3627,429,2026-06-01,15.0,39.0,9,444.95,mobile
3628,401,2026-06-01,9.0,46.0,6,142.56,store
3629,51,2026-06-01,5.0,31.0,7,24.54,mobile
3630,1256,2026-06-01,15.0,4.0,2,553.42,web
3631,435,2026-06-01,64.0,9.0,4,406.82,mobile
3632,131,2026-06-01,71.0,20.0,-3,432.76,store
3633,357,2026-06-01,34.0,34.0,3,325.24,store
3634,1589,2026-06-01,39.0,36.0,6,61.36,mobile
3635,1040,2026-06-01,81.0,27.0,5,630.09,store
3636,179,2026-06-01,72.0,4.0,6,672.6,store
3637,469,2026-06-01,87.0,27.0,3,556.35,web
3638,730,2026-06-01,99.0,47.0,4,399.74,store
3639,943,2026-06-01,23.0,17.0,2,481.37,web
3640,184,2026-06-01,13.0,41.0,1,371.59,web
3641,345,2026-06-01,82.0,15.0,4,87.31,mobile
3642,1250,2026-06-01,99.0,49.0,6,55.38,store
3643,592,2026-06-01,83.0,12.0,2,566.63,web
3644,7,2026-06-01,59.0,16.0,9,12.98,mobile
3645,846,2026-06-01,57.0,15.0,6,99.44,web
3646,3,2026-06-01,2.0,44.0,6,393.8,mobile
3647,351,2026-06-01,66.0,27.0,4,488.96,store
3648,814,2026-06-01,86.0,28.0,1,597.9,web
3649,1147,2026-06-01,70.0,13.0,10,450.0,web
3650,1614,2026-06-01,97.0,33.0,4,447.28,store
3651,1133,2026-06-01,54.0,14.0,10,40.42,store
3652,397,2026-06-01,84.0,1.0,8,95.51,web
3653,1073,2026-06-01,95.0,41.0,2,445.86,mobile
3654,712,2026-06-01,27.0,37.0,1,506.12,web
3655,520,2026-06-01,92.0,16.0,6,12.0,store
3656,1618,2026-06-01,59.0,40.0,1,123.27,mobile
3657,1189,2026-06-01,67.0,11.0,3,221.92,mobile
3658,1150,2026-06-01,43.0,9.0,8,532.01,mobile
3659,339,2026-06-01,23.0,39.0,6,474.51,mobile
3660,1383,2026-06-01,100.0,45.0,5,388.93,web
3661,618,2026-06-01,100.0,14.0,4,49.44,mobile
3662,97,2026-06-01,36.0,13.0,4,475.62,mobile
3663,1144,2026-06-01,77.0,25.0,2,466.76,store
3664,1175,2026-06-01,52.0,7.0,1,66.73,store
3665,1485,2026-06-01,82.0,34.0,7,276.93,web
3666,434,2026-06-01,22.0,41.0,8,438.88,store
3667,1452,2026-06-01,3.0,2.0,7,300.26,mobile
3668,1390,2026-06-01,47.0,26.0,9,36.08,mobile
3669,226,2026-06-01,25.0,21.0,10,153.85,web
3670,415,2026-06-01,69.0,46.0,7,132.07,web
3671,1247,2026-06-01,58.0,14.0,9,46.48,store
3672,1169,2026-06-01,50.0,25.0,5,487.38,mobile
3673,114,2026-06-01,23.0,28.0,8,596.9,web
3674,852,2026-06-01,20.0,36.0,4,66.66,web
3675,758,2026-06-01,51.0,12.0,5,452.93,store
3676,357,2026-06-01,85.0,42.0,4,322.17,store
3677,889,2026-06-01,56.0,11.0,4,227.9,web
3678,84,2026-06-01,26.0,20.0,2,454.86,store
3679,1618,2026-06-01,67.0,33.0,9,385.93,store
3680,396,2026-06-01,1.0,2.0,10,345.87,mobile
3681,1483,2026-06-01,85.0,16.0,8,11.88,store
3682,1541,2026-06-01,68.0,18.0,9,11.68,store
3683,847,2026-06-01,27.0,41.0,3,404.78,web
3684,66,2026-06-01,29.0,8.0,9,152.25,web
3685,47,2026-06-01,56.0,45.0,5,443.84,store
3686,177,2026-06-01,56.0,48.0,5,449.62,web
3687,846,2026-06-01,45.0,18.0,1,12.91,web
3688,1528,2026-06-01,97.0,43.0,1,427.31,web
3689,1629,2026-06-01,53.0,10.0,3,483.82,mobile
3690,1550,2026-06-01,93.0,38.0,10,270.26,store
3691,1491,2026-06-01,63.0,1.0,8,102.0,web
3692,1528,2026-06-01,7.0,16.0,9,12.32,store
3693,410,2026-06-01,43.0,25.0,1,470.76,web
3694,925,2026-06-01,62.0,21.0,4,151.9,store
3695,540,2026-06-01,70.0,44.0,6,502.57,store
3696,1138,2026-06-01,44.0,13.0,9,472.08,web
3697,1420,2026-06-01,39.0,48.0,10,505.81,store
3698,87,2026-06-01,13.0,37.0,6,535.39,store
3699,115,2026-06-01,65.0,2.0,8,277.32,web
3700,1356,2026-06-01,87.0,,4,554.3,web
3701,1642,2026-06-01,80.0,22.0,4,66.16,store
3702,1533,2026-06-01,31.0,14.0,10,40.72,mobile
3703,724,2026-06-01,40.0,31.0,-10,28.29,web
3704,1145,2026-06-01,40.0,6.0,8,409.42,store
3705,1199,2026-06-01,13.0,49.0,4,52.29,mobile
3706,513,2026-06-01,37.0,15.0,1,104.29,store
3707,422,2026-06-01,81.0,23.0,2,412.74,store
3708,977,2026-06-01,62.0,25.0,6,530.95,web
3709,1473,2026-06-01,23.0,14.0,5,48.49,store
3710,1444,2026-06-01,87.0,16.0,8,11.65,mobile
3711,1317,2026-06-01,93.0,17.0,6,438.27,web
3712,370,2026-06-01,92.0,22.0,1,61.44,web
3713,653,2026-06-01,19.0,36.0,6,62.39,store
3714,240,2026-06-01,60.0,6.0,8,434.15,mobile
3715,1521,2026-06-01,96.0,34.0,2,314.63,store
3716,403,2026-06-01,92.0,6.0,3,397.8,web
3717,1297,2026-06-01,26.0,30.0,5,358.7,mobile
3718,610,2026-06-01,49.0,30.0,10,424.82,web
3719,424,2026-06-01,6.0,6.0,10,464.78,store
3720,998,2026-06-01,98.0,29.0,7,738.89,store
3721,952,2026-06-01,37.0,36.0,7,67.74,web
3722,651,2026-06-01,18.0,45.0,9,484.64,web
3723,286,2026-06-01,54.0,31.0,10,26.25,mobile
3724,1330,2026-06-01,57.0,39.0,9,547.06,mobile
3725,1611,2026-06-01,59.0,29.0,3,661.29,mobile
3726,709,2026-06-01,51.0,6.0,6,399.73,store
3727,1073,2026-06-01,23.0,24.0,9,516.87,store
3728,1142,2026-06-01,51.0,17.0,5,-46.75,mobile
3729,577,2026-06-01,29.0,40.0,3,104.65,store
3730,145,2026-06-01,62.0,,6,104.12,store
3731,712,2026-06-01,51.0,42.0,9,373.8,web
3732,427,2026-06-01,58.0,42.0,4,381.01,mobile
3733,995,2026-06-01,73.0,29.0,5,627.85,web
3734,762,2026-06-01,,43.0,1,433.16,store
3735,900,2026-06-01,6.0,50.0,1,322.98,web
3736,1154,2026-06-01,21.0,41.0,4,395.47,store
3737,1122,2026-06-01,56.0,5.0,5,501.0,web
3738,1526,2026-06-01,12.0,5.0,1,457.03,mobile
3739,1319,2026-06-01,36.0,18.0,1,13.09,web
3740,1609,2026-06-01,81.0,3.0,10,258.53,store
3741,1210,2026-06-01,33.0,43.0,5,0.0,web
3742,637,2026-06-01,15.0,27.0,2,567.42,store
3743,380,2026-06-01,88.0,46.0,1,148.39,mobile
3744,1619,2026-06-01,2.0,13.0,8,470.31,web
3745,692,2026-06-01,87.0,1.0,5,108.21,store
3746,686,2026-06-01,6.0,42.0,6,380.94,web
3747,544,2026-06-01,52.0,20.0,3,510.08,store
3748,304,2026-06-01,43.0,37.0,9,520.9,store
3749,639,2026-06-01,73.0,46.0,1,148.32,store
3750,171,2026-06-01,45.0,34.0,3,287.84,store
3751,423,2026-06-01,72.0,47.0,4,354.52,web
3752,806,2026-06-01,68.0,29.0,4,680.9,web
3753,570,2026-06-01,17.0,50.0,4,376.7,store
3754,515,2026-06-01,3.0,34.0,9,348.66,store
3755,783,2026-06-01,75.0,20.0,2,475.53,mobile
3756,306,2026-06-01,45.0,10.0,9,494.98,web
3757,619,2026-06-01,93.0,47.0,10,445.88,mobile
3758,24,2026-06-01,1.0,3.0,4,252.14,mobile
3759,392,2026-06-01,56.0,5.0,1,444.1,web
3760,873,2026-06-01,13.0,38.0,2,289.01,web
3761,843,2026-06-01,91.0,44.0,3,401.14,store
3762,849,2026-06-01,37.0,35.0,9,477.31,web
3763,1196,2026-06-01,6.0,7.0,4,74.61,store
3764,1374,2026-06-01,85.0,29.0,7,670.25,store
3765,388,2026-06-01,4.0,25.0,-8,561.06,web
3766,805,2026-06-01,51.0,16.0,9,10.11,mobile
3767,95,2026-06-01,32.0,20.0,5,453.72,store
3768,352,2026-06-01,67.0,13.0,2,534.12,store
3769,821,2026-06-01,88.0,46.0,6,128.48,mobile
3770,49,2026-06-01,91.0,43.0,4,456.87,store
3771,1062,2026-06-01,25.0,32.0,-9,190.28,mobile
3772,465,2026-06-01,63.0,5.0,9,465.07,store
3773,1242,2026-06-01,83.0,14.0,8,50.58,store
3774,1656,2026-06-01,26.0,9.0,1,471.8,mobile
3775,647,2026-06-01,30.0,3.0,1,274.74,web
3776,562,2026-06-01,82.0,42.0,4,386.91,store
3777,484,2026-06-01,63.0,37.0,2,496.39,store
3778,1653,2026-06-01,97.0,16.0,4,10.73,web
3779,604,2026-06-01,9.0,2.0,4,352.39,store
3780,767,2026-06-01,45.0,22.0,10,52.57,web
3781,1642,2026-06-01,30.0,38.0,1,256.84,store
3782,1037,2026-06-01,17.0,40.0,3,124.74,mobile
3783,823,2026-06-01,16.0,4.0,3,592.19,mobile
3784,1473,2026-06-01,31.0,29.0,10,630.18,mobile
3785,1347,2026-06-01,99.0,37.0,5,468.86,web
3786,433,2026-06-01,84.0,49.0,8,44.58,store
3787,543,2026-06-01,35.0,4.0,4,545.68,store
3788,105,2026-06-01,51.0,40.0,3,98.07,web
3789,1005,2026-06-01,15.0,36.0,5,70.16,store
3790,260,2026-06-01,46.0,19.0,7,474.37,store
3791,301,2026-06-01,43.0,11.0,9,238.73,web
3792,711,2026-06-01,72.0,24.0,2,592.75,web
3793,169,2026-06-01,93.0,46.0,9,129.8,mobile
3794,1612,2026-06-01,66.0,44.0,5,462.17,mobile
3795,463,2026-06-01,9.0,43.0,1,433.15,mobile
3796,669,2026-06-01,77.0,33.0,2,432.87,mobile
3797,1616,2026-06-01,16.0,15.0,3,101.89,mobile
3798,943,2026-06-01,41.0,25.0,7,522.65,web
3799,1553,2026-06-01,44.0,47.0,2,405.79,store
3800,415,2026-06-01,94.0,28.0,3,622.5,web
3801,1163,2026-06-01,12.0,11.0,8,231.2,web
3802,138,2026-06-01,92.0,30.0,9,331.6,store
3803,706,2026-06-01,99.0,50.0,8,376.28,mobile
3804,54,2026-06-01,77.0,6.0,3,441.44,store
3805,1515,2026-06-01,42.0,8.0,10,142.41,web
3806,1631,2026-06-01,33.0,23.0,2,434.22,web
3807,24,2026-06-01,27.0,44.0,10,410.29,web
3808,789,2026-06-01,45.0,28.0,1,503.68,store
3809,656,2026-06-01,2.0,15.0,7,104.24,mobile
3810,1089,2026-06-01,66.0,42.0,2,406.33,store
3811,1189,2026-06-01,1.0,9.0,6,424.94,mobile
3812,546,2026-06-01,52.0,35.0,1,479.6,web
3813,113,2026-06-01,38.0,16.0,3,10.22,web
3814,369,2026-06-01,70.0,43.0,6,456.93,mobile
3815,54,2026-06-01,5.0,15.0,10,99.78,mobile
3816,443,2026-06-01,67.0,7.0,5,74.55,mobile
3817,377,2026-06-01,92.0,24.0,1,594.33,web
3818,74,2026-06-01,6.0,35.0,4,600.54,store
3819,1064,2026-06-01,75.0,11.0,3,226.3,web
3820,716,2026-06-01,72.0,44.0,2,473.98,web
3821,1483,2026-06-01,57.0,49.0,5,46.61,web
3822,38,2026-06-01,99.0,24.0,5,530.23,web
3823,1003,2026-06-01,53.0,12.0,2,477.65,mobile
3824,1096,2026-06-01,19.0,45.0,7,484.23,mobile
3825,1030,2026-06-01,12.0,10.0,6,476.21,web
3826,510,2026-06-01,15.0,46.0,5,134.39,web
3827,1109,2026-06-01,95.0,25.0,8,507.5,web
3828,1351,2026-06-01,62.0,42.0,10,365.95,store
3829,959,2026-06-01,74.0,47.0,5,373.32,mobile
3830,1274,2026-06-01,80.0,23.0,9,342.91,web
3831,1191,2026-06-01,24.0,,9,171.54,store
3832,882,2026-06-01,53.0,39.0,6,483.1,web
3833,7,2026-06-01,85.0,25.0,4,453.54,mobile
3834,868,2026-06-01,10.0,16.0,3,11.65,mobile
3835,1170,2026-06-01,18.0,41.0,2,441.58,mobile
3836,809,2026-06-01,76.0,45.0,9,492.85,store
3837,1124,2026-06-01,83.0,7.0,1,65.49,store
3838,912,2026-06-01,16.0,36.0,8,68.78,web
3839,716,2026-06-01,1.0,26.0,3,32.8,store
3840,889,2026-06-01,71.0,24.0,4,555.01,store
3841,1574,2026-06-01,31.0,22.0,9,53.63,store
3842,535,2026-06-01,36.0,26.0,10,35.5,store
3843,1191,2026-06-01,67.0,42.0,6,400.56,web
3844,591,2026-06-01,77.0,14.0,6,51.52,store
3845,79,2026-06-01,23.0,49.0,9,47.9,store
3846,1437,2026-06-01,69.0,31.0,10,23.47,mobile
3847,685,2026-06-01,93.0,33.0,3,449.25,mobile
3848,1308,2026-06-01,79.0,20.0,2,422.83,mobile
3849,1642,2026-06-01,42.0,47.0,8,424.58,mobile
3850,729,2026-06-01,87.0,47.0,8,448.16,store
3851,1373,2026-06-01,63.0,23.0,1,386.6,store
3852,445,2026-06-01,56.0,37.0,7,544.6,mobile
3853,982,2026-06-01,31.0,34.0,8,347.47,web
3854,1544,2026-06-01,86.0,13.0,7,426.54,web
3855,527,2026-06-01,24.0,20.0,9,443.15,mobile
3856,1021,2026-06-01,88.0,36.0,10,70.34,store
3857,143,2026-06-01,33.0,26.0,7,34.66,web
3858,717,2026-06-01,20.0,23.0,3,413.34,web
3859,1027,2026-06-01,15.0,5.0,2,444.66,web
3860,613,2026-06-01,11.0,13.0,4,0.0,mobile
3861,1081,2026-06-01,36.0,24.0,3,543.48,mobile
3862,888,2026-06-01,53.0,32.0,2,228.91,web
3863,1648,2026-06-01,85.0,20.0,5,462.11,web
3864,910,2026-06-01,67.0,4.0,5,644.46,mobile
3865,797,2026-06-01,87.0,7.0,2,69.57,mobile
3866,618,2026-06-01,71.0,30.0,7,354.2,store
3867,1643,2026-06-01,59.0,50.0,10,361.07,store
3868,667,2026-06-01,6.0,15.0,4,113.07,mobile
3869,1129,2026-06-01,14.0,4.0,7,649.39,store
3870,900,2026-06-01,17.0,43.0,5,460.28,mobile
3871,1507,2026-06-01,38.0,44.0,5,-63.2,store
3872,1275,2026-06-01,51.0,42.0,4,350.77,store
3873,1627,2026-06-01,61.0,12.0,4,455.39,mobile
3874,1138,2026-06-01,29.0,37.0,2,531.07,web
3875,153,2026-06-01,97.0,48.0,4,517.1,web
3876,129,2026-06-01,22.0,29.0,10,697.01,web
3877,595,2026-06-01,73.0,35.0,9,541.17,web
3878,482,2026-06-01,7.0,12.0,1,550.24,mobile
3879,1157,2026-06-01,21.0,5.0,3,470.61,store
3880,319,2026-06-01,14.0,32.0,1,180.35,mobile
3881,631,2026-06-01,90.0,5.0,8,452.17,mobile
3882,264,2026-06-01,86.0,2.0,2,346.89,store
3883,785,2026-06-01,59.0,28.0,7,632.39,mobile
3884,619,2026-06-01,14.0,4.0,9,565.19,web
3885,534,2026-06-01,1.0,37.0,3,467.18,web
3886,1350,2026-06-01,71.0,42.0,4,374.25,store
3887,746,2026-06-01,49.0,9.0,8,419.11,store
3888,1336,2026-06-01,62.0,48.0,5,512.16,web
3889,1135,2026-06-01,100.0,12.0,5,571.49,mobile
3890,1593,2026-06-01,51.0,23.0,10,380.04,web
3891,628,2026-06-01,91.0,14.0,10,50.22,mobile
3892,988,2026-06-01,72.0,24.0,10,574.85,web
3893,501,2026-06-01,3.0,13.0,2,432.16,web
3894,552,2026-06-01,100.0,15.0,4,97.51,web
3895,1290,2026-06-01,85.0,10.0,-6,559.54,mobile
3896,373,2026-06-01,41.0,29.0,7,750.48,web
3897,937,2026-06-01,40.0,36.0,2,68.32,mobile
3898,1348,2026-06-01,82.0,23.0,7,443.5,store
3899,886,2026-06-01,7.0,32.0,2,214.19,store
3900,297,2026-06-01,69.0,10.0,4,439.74,mobile
3901,1142,2026-06-01,16.0,24.0,7,531.9,web
3902,948,2026-06-01,63.0,47.0,2,415.28,store
3903,1566,2026-06-01,70.0,33.0,7,411.87,store
3904,487,2026-06-01,64.0,18.0,6,11.17,web
3905,101,2026-06-01,21.0,15.0,4,92.9,mobile
3906,1046,2026-06-01,91.0,4.0,8,578.46,web
3907,76,2026-06-01,53.0,39.0,2,513.97,store
3908,196,2026-06-01,38.0,2.0,1,287.04,mobile
3909,1163,2026-06-01,,46.0,8,134.33,mobile
3910,250,2026-06-01,87.0,36.0,9,54.27,web
3911,1189,2026-06-01,95.0,34.0,3,308.35,mobile
3912,84,2026-06-01,32.0,14.0,1,49.87,mobile
3913,856,2026-06-01,56.0,34.0,3,285.21,mobile
3914,871,2026-06-01,61.0,11.0,3,232.82,web
3915,1159,2026-06-01,11.0,38.0,10,265.17,store
3916,621,2026-06-01,91.0,36.0,6,61.37,store
3917,535,2026-06-01,48.0,33.0,9,422.16,mobile
3918,630,2026-06-01,7.0,21.0,10,168.79,store
3919,926,2026-06-01,44.0,25.0,8,522.07,mobile
3920,414,2026-06-01,95.0,21.0,7,152.2,web
3921,1572,2026-06-01,94.0,7.0,1,61.13,mobile
3922,736,2026-06-01,44.0,35.0,4,480.26,web
3923,1007,2026-06-01,99.0,19.0,6,492.79,mobile
3924,978,2026-06-01,54.0,28.0,8,523.61,mobile
3925,1206,2026-06-01,34.0,25.0,9,563.79,web
3926,1635,2026-06-01,45.0,46.0,5,146.09,store
3927,102,2026-06-01,62.0,16.0,7,10.08,web
3928,473,2026-06-01,79.0,43.0,3,388.02,mobile
3929,1373,2026-06-01,85.0,44.0,2,496.36,store
3930,751,2026-06-01,3.0,38.0,9,254.27,web
3931,150,2026-06-01,57.0,4.0,1,572.18,store
3932,1325,2026-06-01,64.0,31.0,8,25.31,mobile
3933,1392,2026-06-01,5.0,29.0,6,775.71,store
3934,664,2026-06-01,73.0,43.0,9,372.58,web
3935,361,2026-06-01,81.0,6.0,1,464.16,web
3936,1132,2026-06-01,99.0,35.0,2,577.8,mobile
3937,1434,2026-06-01,99.0,23.0,4,380.74,web
3938,1620,2026-06-01,19.0,1.0,7,96.13,web
3939,1514,2026-06-01,80.0,11.0,9,237.43,store
3940,931,2026-06-01,26.0,2.0,8,300.9,mobile
3941,1243,2026-06-01,68.0,9.0,8,469.22,store
3942,1414,2026-06-01,25.0,42.0,2,353.89,store
3943,1298,2026-06-01,14.0,15.0,4,110.12,web
3944,1388,2026-06-01,82.0,19.0,9,489.46,mobile
3945,1187,2026-06-01,98.0,19.0,1,545.22,web
3946,1135,2026-06-01,27.0,45.0,4,459.25,mobile
3947,601,2026-06-01,95.0,32.0,10,180.79,web
3948,1530,2026-06-01,14.0,48.0,9,450.71,mobile
3949,891,2026-06-01,56.0,,10,538.39,web
3950,1003,2026-06-01,50.0,44.0,2,426.8,store
3951,1298,2026-06-01,84.0,49.0,1,49.5,mobile
3952,643,2026-06-01,92.0,35.0,5,541.43,store
3953,359,2026-06-01,45.0,6.0,7,419.51,store
3954,1044,2026-06-01,80.0,19.0,6,536.67,mobile
3955,123,2026-06-01,55.0,45.0,4,398.43,store
3956,457,2026-06-01,48.0,41.0,9,398.93,store
3957,1293,2026-06-01,15.0,23.0,1,343.0,web
3958,493,2026-06-01,25.0,8.0,3,148.45,mobile
3959,1634,2026-06-01,33.0,49.0,9,45.59,store
3960,449,2026-06-01,80.0,39.0,3,488.69,store
3961,829,2026-06-01,46.0,49.0,1,52.66,store
3962,567,2026-06-01,54.0,9.0,3,462.7,store
3963,1145,2026-06-01,85.0,48.0,7,435.1,web
3964,625,2026-06-01,50.0,1.0,8,99.8,mobile
3965,1054,2026-06-01,76.0,31.0,3,23.78,store
3966,945,2026-06-01,71.0,14.0,2,44.92,store
3967,205,2026-06-01,31.0,38.0,6,328.85,store
3968,1625,2026-06-01,97.0,,10,455.24,web
3969,392,2026-06-01,86.0,3.0,3,252.22,web
3970,1405,2026-06-01,58.0,48.0,2,416.21,store
3971,207,2026-06-01,66.0,31.0,4,28.4,web
3972,117,2026-06-01,11.0,17.0,3,498.39,mobile
3973,1623,2026-06-01,79.0,34.0,8,322.98,store
3974,1665,2026-06-01,34.0,50.0,4,331.79,web
3975,924,2026-06-01,10.0,44.0,10,415.27,web
3976,1484,2026-06-01,66.0,29.0,5,748.86,store
3977,1580,2026-06-01,41.0,10.0,9,458.68,web
3978,83,2026-06-01,39.0,11.0,8,279.21,store
3979,764,2026-06-01,64.0,25.0,2,450.66,store
3980,38,2026-06-01,30.0,35.0,-8,540.88,store
3981,133,2026-06-01,40.0,50.0,7,316.81,mobile
3982,1610,2026-06-01,100.0,10.0,1,539.58,store
3983,1486,2026-06-01,93.0,47.0,3,451.71,mobile
3984,1557,2026-06-01,26.0,50.0,7,385.85,mobile
3985,557,2026-06-01,97.0,8.0,1,145.86,store
3986,1626,2026-06-01,7.0,36.0,1,63.94,mobile
3987,463,2026-06-01,39.0,31.0,8,25.42,web
3988,510,2026-06-01,6.0,21.0,9,149.19,web
3989,1115,2026-06-01,40.0,16.0,8,-4.46,mobile
3990,416,2026-06-01,11.0,47.0,7,427.21,mobile
3991,1423,2026-06-01,88.0,4.0,5,630.51,store
3992,645,2026-06-01,18.0,45.0,9,480.46,store
3993,386,2026-06-01,98.0,33.0,6,389.88,store
3994,329,2026-06-01,84.0,41.0,5,374.92,mobile
3995,1140,2026-06-01,100.0,6.0,2,461.61,web
3996,1181,2026-06-01,82.0,23.0,8,377.15,mobile
3997,971,2026-06-01,49.0,38.0,4,310.31,web
3998,887,2026-06-01,88.0,40.0,10,102.49,mobile
3999,960,2026-06-01,92.0,8.0,1,151.18,web
4000,1619,2026-06-01,94.0,4.0,2,653.45,store
4001,162,2026-06-01,55.0,32.0,1,192.84,store
4002,838,2026-06-01,23.0,38.0,5,295.27,mobile
4003,547,2026-06-01,48.0,28.0,6,585.96,web
4004,1027,2026-06-01,9.0,38.0,4,279.52,web
4005,944,2026-06-01,45.0,31.0,5,25.17,store
4006,596,2026-06-01,43.0,4.0,4,693.9,web
4007,429,2026-06-01,55.0,10.0,10,543.02,store
4008,1437,2026-06-01,17.0,1.0,5,109.47,mobile
4009,200,2026-06-01,33.0,6.0,10,407.85,mobile
4010,802,2026-06-01,100.0,41.0,2,423.56,web
4011,1648,2026-06-01,67.0,9.0,3,517.4,web
4012,1665,2026-06-01,18.0,39.0,8,495.0,mobile
4013,245,2026-06-01,17.0,25.0,3,464.48,store
4014,1020,2026-06-01,65.0,2.0,9,352.06,store
4015,31,2026-06-01,84.0,10.0,8,558.71,store
4016,23,2026-06-01,2.0,2.0,8,335.71,store
4017,206,2026-06-01,94.0,26.0,2,36.85,web
4018,1340,2026-06-01,68.0,13.0,1,515.5,mobile
4019,377,2026-06-01,1.0,23.0,2,432.26,web
4020,1655,2026-06-01,40.0,25.0,10,547.29,mobile
4021,422,2026-06-01,92.0,15.0,8,88.17,web
4022,611,2026-06-01,31.0,45.0,6,404.24,mobile
4023,1576,2026-06-01,22.0,47.0,3,353.15,web
4024,1504,2026-06-01,82.0,22.0,5,64.93,store
4025,9,2026-06-01,48.0,29.0,8,715.47,mobile
4026,1633,2026-06-01,37.0,36.0,7,57.55,web
4027,1414,2026-06-01,52.0,41.0,5,436.13,web
4028,949,2026-06-01,10.0,7.0,4,68.31,web
4029,1374,2026-06-01,12.0,42.0,4,329.04,store
4030,1607,2026-06-01,47.0,13.0,7,498.39,mobile
4031,630,2026-06-01,28.0,42.0,9,339.96,mobile
4032,865,2026-06-01,37.0,14.0,6,43.27,mobile
4033,495,2026-06-01,49.0,8.0,5,165.5,store
4034,1362,2026-06-01,9.0,6.0,9,434.3,mobile
4035,114,2026-06-01,64.0,14.0,3,43.73,store
4036,462,2026-06-01,66.0,28.0,6,604.44,mobile
4037,493,2026-06-01,97.0,12.0,5,555.13,store
4038,162,2026-06-01,64.0,14.0,1,50.02,mobile
4039,319,2026-06-01,10.0,5.0,3,456.43,store
4040,447,2026-06-01,9.0,3.0,7,284.34,mobile
4041,560,2026-06-01,91.0,12.0,3,506.68,store
4042,1063,2026-06-01,37.0,41.0,9,410.33,store
4043,421,2026-06-01,44.0,10.0,5,449.28,mobile
4044,465,2026-06-01,80.0,2.0,1,335.55,web
4045,1239,2026-06-01,6.0,43.0,4,441.02,web
4046,646,2026-06-01,66.0,34.0,1,328.71,web
4047,399,2026-06-01,1.0,22.0,4,64.81,mobile
4048,4,2026-06-01,16.0,7.0,3,65.47,store
4049,878,2026-06-01,11.0,39.0,4,538.13,mobile
4050,825,2026-06-01,45.0,40.0,6,127.61,store
4051,899,2026-06-01,37.0,37.0,3,451.11,store
4052,815,2026-06-01,6.0,34.0,4,294.6,web
4053,1113,2026-06-01,98.0,13.0,8,439.09,web
4054,723,2026-06-01,28.0,4.0,9,554.24,store
4055,1648,2026-06-01,32.0,7.0,6,75.31,mobile
4056,335,2026-06-01,87.0,4.0,9,592.08,mobile
4057,700,2026-06-01,16.0,46.0,8,126.69,store
4058,987,2026-06-01,4.0,15.0,5,95.88,store
4059,1187,2026-06-01,6.0,7.0,7,66.72,web
4060,812,2026-06-01,43.0,17.0,1,431.79,web
4061,1471,2026-06-01,31.0,47.0,2,349.13,store
4062,1574,2026-06-01,46.0,13.0,10,452.96,web
4063,384,2026-06-01,77.0,41.0,1,432.12,mobile
4064,1513,2026-06-01,34.0,25.0,4,537.65,store
4065,787,2026-06-01,8.0,38.0,9,294.95,mobile
4066,1435,2026-06-01,48.0,24.0,10,563.0,store
4067,763,2026-06-01,20.0,49.0,10,45.47,mobile
4068,1544,2026-06-01,99.0,26.0,10,34.59,mobile
4069,1196,2026-06-01,28.0,3.0,2,281.55,web
4070,204,2026-06-01,20.0,29.0,7,774.74,mobile
4071,1330,2026-06-01,44.0,39.0,9,512.42,mobile
4072,868,2026-06-01,78.0,25.0,1,448.49,mobile
4073,47,2026-06-01,58.0,40.0,9,114.31,web
4074,563,2026-06-01,50.0,47.0,7,375.73,web
4075,1532,2026-06-01,35.0,9.0,6,503.84,mobile
4076,1085,2026-06-01,64.0,24.0,6,477.35,web
4077,627,2026-06-01,81.0,17.0,5,438.06,store
4078,1381,2026-06-01,58.0,26.0,9,37.87,web
4079,606,2026-06-01,89.0,30.0,10,407.64,store
4080,1658,2026-06-01,52.0,16.0,3,12.24,mobile
4081,1526,2026-06-01,29.0,43.0,5,386.97,store
4082,546,2026-06-01,35.0,49.0,3,50.73,mobile
4083,1280,2026-06-01,54.0,2.0,7,348.53,store
4084,475,2026-06-01,38.0,24.0,3,478.23,web
4085,344,2026-06-01,99.0,39.0,6,474.14,web
4086,1660,2026-06-01,88.0,25.0,6,464.57,mobile
4087,730,2026-06-01,64.0,,-2,615.87,web
4088,879,2026-06-01,34.0,43.0,9,449.96,mobile
4089,1411,2026-06-01,93.0,18.0,6,11.46,store
4090,1650,2026-06-01,2.0,48.0,7,502.36,web
4091,1063,2026-06-01,21.0,27.0,9,522.76,mobile
4092,1347,2026-06-01,22.0,15.0,9,98.72,web
4093,335,2026-06-01,84.0,45.0,10,378.84,store
4094,756,2026-06-01,11.0,19.0,5,455.67,store
4095,606,2026-06-01,65.0,47.0,4,366.4,web
4096,111,2026-06-01,8.0,20.0,2,394.77,web
4097,1302,2026-06-01,16.0,9.0,3,455.17,store
4098,1416,2026-06-01,26.0,11.0,10,229.22,store
4099,1421,2026-06-01,56.0,20.0,10,440.74,store
4100,538,2026-06-01,10.0,49.0,9,52.78,web
4101,417,2026-06-01,26.0,33.0,2,382.35,store
4102,472,2026-06-01,73.0,23.0,2,350.26,store
4103,1213,2026-06-01,18.0,47.0,7,374.42,web
4104,494,2026-06-01,71.0,15.0,3,104.32,mobile
4105,435,2026-06-01,78.0,15.0,10,95.62,store
4106,1208,2026-06-01,36.0,14.0,6,42.91,mobile
4107,558,2026-06-01,78.0,27.0,5,541.05,store
4108,1620,2026-06-01,47.0,38.0,1,293.35,store
4109,580,2026-06-01,40.0,38.0,10,278.27,web
4110,1288,2026-06-01,59.0,32.0,6,191.16,store
4111,438,2026-06-01,39.0,35.0,3,566.13,store
4112,986,2026-06-01,46.0,44.0,2,445.58,mobile
4113,81,2026-06-01,77.0,36.0,8,64.64,web
4114,403,2026-06-01,31.0,34.0,1,289.22,web
4115,678,2026-06-01,11.0,32.0,9,233.65,mobile
4116,482,2026-06-01,63.0,19.0,9,462.5,mobile
4117,371,2026-06-01,70.0,45.0,10,489.85,store
4118,688,2026-06-01,44.0,3.0,7,266.62,web
4119,486,2026-06-01,64.0,35.0,5,588.81,web
4120,474,2026-06-01,21.0,46.0,3,134.61,store
4121,267,2026-06-01,100.0,2.0,6,288.41,store
4122,468,2026-06-01,15.0,18.0,5,13.12,web
4123,713,2026-06-01,31.0,24.0,6,482.55,web
4124,91,2026-06-01,75.0,32.0,10,192.72,mobile
4125,1370,2026-06-01,96.0,3.0,3,231.48,store
4126,1240,2026-06-01,57.0,32.0,3,184.79,web
4127,1537,2026-06-01,47.0,23.0,4,390.28,store
4128,1666,2026-06-01,5.0,41.0,5,423.36,web
4129,1248,2026-06-01,71.0,27.0,8,538.64,mobile
4130,461,2026-06-01,1.0,29.0,4,661.07,mobile
4131,1448,2026-06-01,4.0,33.0,8,459.54,web
4132,383,2026-06-01,23.0,34.0,3,340.04,mobile
4133,1376,2026-06-01,87.0,50.0,9,351.18,web
4134,261,2026-06-01,25.0,44.0,6,390.98,store
4135,992,2026-06-01,90.0,2.0,9,343.61,store
4136,225,2026-06-01,53.0,32.0,2,233.19,mobile
4137,251,2026-06-01,100.0,4.0,8,674.48,store
4138,803,2026-06-01,60.0,26.0,9,40.54,store
4139,1447,2026-06-01,68.0,40.0,2,116.68,mobile
4140,362,2026-06-01,11.0,2.0,8,347.95,store
4141,763,2026-06-01,9.0,45.0,2,389.69,web
4142,363,2026-06-01,58.0,27.0,5,486.98,mobile
4143,1389,2026-06-01,24.0,8.0,2,155.91,store
4144,1443,2026-06-01,38.0,14.0,5,45.36,web
4145,543,2026-06-01,18.0,5.0,7,440.72,store
4146,715,2026-06-01,69.0,9.0,7,521.59,web
4147,740,2026-06-01,61.0,8.0,5,147.02,store
4148,743,2026-06-01,12.0,33.0,3,363.55,store
4149,1048,2026-06-01,56.0,33.0,6,382.9,store
4150,208,2026-06-01,12.0,14.0,6,41.08,web
4151,784,2026-06-01,45.0,15.0,1,101.09,store
4152,243,2026-06-01,75.0,1.0,10,103.71,mobile
4153,1125,2026-06-01,52.0,47.0,3,456.98,web
4154,21,2026-06-01,96.0,32.0,6,202.48,web
4155,821,2026-06-01,67.0,14.0,6,45.09,store
4156,644,2026-06-01,62.0,11.0,10,261.2,store
4157,716,2026-06-01,53.0,39.0,8,512.93,mobile
4158,443,2026-06-01,16.0,12.0,1,458.73,web
4159,987,2026-06-01,96.0,38.0,10,318.6,store
4160,832,2026-06-01,100.0,11.0,1,251.7,store
4161,1524,2026-06-01,,25.0,7,528.52,mobile
4162,1436,2026-06-01,45.0,23.0,9,388.33,mobile
4163,1635,2026-06-01,83.0,26.0,6,33.36,mobile
4164,43,2026-06-01,15.0,18.0,1,10.88,mobile
4165,1348,2026-06-01,91.0,39.0,-2,537.03,mobile
4166,1468,2026-06-01,47.0,6.0,10,369.38,web
4167,754,2026-06-01,86.0,21.0,8,162.64,mobile
4168,1106,2026-06-01,87.0,14.0,9,48.72,mobile
4169,92,2026-06-01,58.0,16.0,7,10.35,store
4170,662,2026-06-01,86.0,33.0,6,434.02,web
4171,1015,2026-06-01,54.0,6.0,4,439.53,store
4172,339,2026-06-01,65.0,8.0,3,183.08,store
4173,659,2026-06-01,14.0,20.0,10,402.57,web
4174,593,2026-06-01,78.0,14.0,3,44.21,web
4175,382,2026-06-01,21.0,45.0,5,458.56,mobile
4176,1297,2026-06-01,5.0,15.0,5,101.02,web
4177,1183,2026-06-01,11.0,45.0,3,455.89,web
4178,1138,2026-06-01,11.0,16.0,5,11.74,web
4179,763,2026-06-01,77.0,25.0,5,525.29,mobile
4180,156,2026-06-01,19.0,1.0,2,98.24,store
4181,1233,2026-06-01,77.0,10.0,5,564.78,mobile
4182,1096,2026-06-01,68.0,22.0,8,68.92,mobile
4183,93,2026-06-01,56.0,45.0,7,408.83,mobile
4184,78,2026-06-01,31.0,4.0,4,677.66,mobile
4185,1092,2026-06-01,2.0,18.0,10,12.98,store
4186,406,2026-06-01,3.0,1.0,6,106.79,store
4187,737,2026-06-01,52.0,8.0,8,151.37,store
4188,1243,2026-06-01,43.0,47.0,4,427.34,web
4189,683,2026-06-01,95.0,49.0,8,44.15,store
4190,377,2026-06-01,82.0,30.0,8,403.58,web
4191,962,2026-06-01,5.0,49.0,1,49.94,mobile
4192,672,2026-06-01,10.0,28.0,5,509.64,store
4193,608,2026-06-01,20.0,24.0,10,552.88,mobile
4194,200,2026-06-01,12.0,50.0,2,329.05,web
4195,384,2026-06-01,91.0,2.0,6,333.19,web
4196,1346,2026-06-01,67.0,47.0,5,352.67,web
4197,601,2026-06-01,20.0,2.0,6,348.13,mobile
4198,1166,2026-06-01,54.0,7.0,6,77.67,store
4199,120,2026-06-01,12.0,20.0,8,449.22,store
4200,861,2026-06-01,17.0,45.0,3,424.05,store
4201,60,2026-06-01,15.0,6.0,9,358.32,mobile
4202,592,2026-06-01,63.0,3.0,6,289.94,mobile
4203,1373,2026-06-01,76.0,3.0,8,227.28,store
4204,1232,2026-06-01,36.0,50.0,2,344.41,store
4205,1428,2026-06-01,42.0,5.0,3,525.65,store
4206,923,2026-06-01,64.0,47.0,-3,358.01,web
4207,804,2026-06-01,10.0,35.0,9,543.32,store
4208,1632,2026-06-01,16.0,41.0,6,400.27,store
4209,1543,2026-06-01,7.0,,4,417.94,store
4210,1394,2026-06-01,75.0,15.0,6,99.35,store
4211,1617,2026-06-01,40.0,29.0,8,641.99,store
4212,313,2026-06-01,16.0,40.0,10,108.7,store
4213,760,2026-06-01,11.0,12.0,5,459.19,store
4214,1022,2026-06-01,44.0,41.0,6,407.15,mobile
4215,337,2026-06-01,17.0,17.0,2,439.35,web
4216,1063,2026-06-01,70.0,17.0,4,428.86,store
4217,626,2026-06-01,34.0,36.0,10,56.51,mobile
4218,951,2026-06-01,82.0,46.0,1,137.97,web
4219,610,2026-06-01,69.0,47.0,3,405.91,mobile
4220,461,2026-06-01,17.0,29.0,8,755.04,web
4221,808,2026-06-01,43.0,27.0,9,520.75,mobile
4222,99,2026-06-01,43.0,12.0,3,457.75,store
4223,1035,2026-06-01,41.0,24.0,7,621.29,mobile
4224,1062,2026-06-01,5.0,32.0,8,189.03,web
4225,1147,2026-06-01,61.0,1.0,3,106.27,store
4226,807,2026-06-01,16.0,24.0,2,594.98,mobile
4227,1582,2026-06-01,98.0,3.0,3,277.66,mobile
4228,663,2026-06-01,93.0,2.0,8,355.29,store
4229,1089,2026-06-01,90.0,12.0,4,561.18,mobile
4230,1161,2026-06-01,34.0,17.0,2,525.8,mobile
4231,197,2026-06-01,49.0,50.0,8,390.8,mobile
4232,1312,2026-06-01,31.0,33.0,10,404.15,web
4233,247,2026-06-01,52.0,19.0,5,561.5,store
4234,346,2026-06-01,34.0,32.0,9,206.65,store
4235,1282,2026-06-01,83.0,26.0,1,40.54,mobile
4236,1591,2026-06-01,1.0,5.0,10,511.78,mobile
4237,1420,2026-06-01,66.0,24.0,5,614.99,store
4238,218,2026-06-01,97.0,8.0,9,175.89,store
4239,342,2026-06-01,48.0,1.0,7,91.67,store
4240,294,2026-06-01,5.0,12.0,10,449.15,store
4241,634,2026-06-01,96.0,50.0,2,326.16,store
4242,191,2026-06-01,18.0,3.0,3,257.83,mobile
4243,1428,2026-06-01,76.0,5.0,8,500.13,mobile
4244,1431,2026-06-01,36.0,36.0,7,61.3,web
4245,994,2026-06-01,85.0,33.0,8,411.77,web
4246,1068,2026-06-01,10.0,26.0,2,34.67,mobile
4247,1202,2026-06-01,90.0,43.0,9,452.54,store
4248,1641,2026-06-01,88.0,38.0,10,307.43,mobile
4249,42,2026-06-01,36.0,37.0,9,566.53,web
4250,949,2026-06-01,9.0,31.0,3,27.1,mobile
4251,1156,2026-06-01,35.0,23.0,2,352.93,web
4252,1428,2026-06-01,61.0,17.0,7,448.65,mobile
4253,270,2026-06-01,98.0,12.0,1,502.11,mobile
4254,1474,2026-06-01,20.0,13.0,10,414.45,web
4255,1236,2026-06-01,,42.0,8,336.8,mobile
4256,1226,2026-06-01,48.0,44.0,9,446.23,store
4257,506,2026-06-01,72.0,32.0,5,193.62,mobile
4258,915,2026-06-01,89.0,7.0,3,65.01,store
4259,460,2026-06-01,8.0,24.0,2,532.09,mobile
4260,1251,2026-06-01,10.0,4.0,9,587.22,store
4261,57,2026-06-01,5.0,17.0,6,438.12,store
4262,1335,2026-06-01,13.0,4.0,4,682.21,mobile
4263,1511,2026-06-01,22.0,26.0,2,34.78,mobile
4264,26,2026-06-01,33.0,21.0,1,172.61,web
4265,1566,2026-06-01,48.0,43.0,8,433.73,store
4266,846,2026-06-01,5.0,35.0,2,486.87,web
4267,1036,2026-06-01,12.0,34.0,8,331.64,store
4268,320,2026-06-01,38.0,34.0,10,328.75,web
4269,85,2026-06-01,27.0,12.0,2,444.68,web
4270,718,2026-06-01,97.0,34.0,10,324.17,store
4271,1531,2026-06-01,90.0,15.0,5,97.11,mobile
4272,761,2026-06-01,20.0,1.0,6,86.61,store
4273,549,2026-06-01,40.0,22.0,2,59.13,store
4274,1485,2026-06-01,59.0,36.0,8,58.57,store
4275,1375,2026-06-01,32.0,7.0,9,78.31,store
4276,447,2026-06-01,15.0,9.0,9,445.26,store
4277,1555,2026-06-01,55.0,12.0,1,501.76,mobile
4278,239,2026-06-01,39.0,43.0,6,419.97,store
4279,1264,2026-06-01,26.0,40.0,10,120.24,web
4280,191,2026-06-01,65.0,47.0,9,406.39,store
4281,159,2026-06-01,86.0,6.0,9,384.19,web
4282,138,2026-06-01,26.0,5.0,6,536.52,web
4283,281,2026-06-01,93.0,1.0,8,107.27,store
4284,1649,2026-06-01,69.0,17.0,1,469.03,web
4285,634,2026-06-01,73.0,35.0,4,601.06,store
4286,508,2026-06-01,79.0,12.0,8,516.73,mobile
4287,783,2026-06-01,14.0,3.0,8,254.67,store
4288,801,2026-06-01,39.0,34.0,10,267.64,store
4289,235,2026-06-01,5.0,26.0,9,36.59,mobile
4290,256,2026-06-01,17.0,16.0,3,12.59,mobile
4291,507,2026-06-01,81.0,36.0,4,58.87,store
4292,1091,2026-06-01,3.0,39.0,3,426.26,store
4293,605,2026-06-01,39.0,35.0,10,550.69,store
4294,288,2026-06-01,52.0,,6,111.37,mobile
4295,1258,2026-06-01,83.0,43.0,10,463.91,mobile
4296,754,2026-06-01,15.0,1.0,6,89.99,web
4297,1005,2026-06-01,11.0,43.0,3,425.2,web
4298,1457,2026-06-01,40.0,19.0,9,524.99,mobile
4299,1458,2026-06-01,48.0,9.0,7,417.93,web
4300,1275,2026-06-01,89.0,9.0,2,472.77,store
4301,380,2026-06-01,86.0,30.0,5,367.78,mobile
4302,1486,2026-06-01,51.0,39.0,1,431.35,store
4303,1097,2026-06-01,21.0,39.0,4,447.08,store
4304,229,2026-06-01,83.0,26.0,9,38.4,store
4305,838,2026-06-01,15.0,6.0,2,384.26,web
4306,1161,2026-06-01,28.0,28.0,9,562.11,mobile
4307,1351,2026-06-01,17.0,24.0,6,576.1,store
4308,1066,2026-06-01,52.0,23.0,5,412.22,store
4309,857,2026-06-01,75.0,41.0,9,422.73,store
4310,1059,2026-06-01,22.0,26.0,8,39.02,web
4311,1416,2026-06-01,76.0,45.0,6,455.36,web
4312,824,2026-06-01,100.0,27.0,1,551.94,store
4313,165,2026-06-01,79.0,13.0,3,527.77,mobile
4314,1327,2026-06-01,52.0,15.0,6,108.2,store
4315,149,2026-06-01,61.0,22.0,8,66.72,store
4316,94,2026-06-01,27.0,46.0,9,123.85,web
4317,1042,2026-06-01,60.0,21.0,5,149.34,store
4318,578,2026-06-01,86.0,49.0,2,43.91,store
4319,679,2026-06-01,93.0,31.0,5,26.19,store
4320,1636,2026-06-01,69.0,8.0,5,179.25,store
4321,144,2026-06-01,52.0,38.0,2,269.35,store
4322,858,2026-06-01,46.0,20.0,7,403.81,store
4323,910,2026-06-01,44.0,50.0,6,347.01,mobile
4324,124,2026-06-01,5.0,20.0,5,413.24,store
4325,958,2026-06-01,80.0,30.0,2,358.0,store
4326,700,2026-06-01,22.0,47.0,8,397.51,web
4327,1385,2026-06-01,12.0,5.0,6,507.45,web
4328,235,2026-06-01,99.0,31.0,2,23.2,web
4329,314,2026-06-01,12.0,47.0,5,439.66,mobile
4330,1454,2026-06-01,11.0,43.0,7,438.15,web
4331,151,2026-06-01,27.0,28.0,3,586.47,store
4332,269,2026-06-01,83.0,44.0,3,391.67,web
4333,976,2026-06-01,59.0,20.0,3,466.78,web
4334,484,2026-06-01,19.0,49.0,10,56.16,web
4335,1527,2026-06-01,28.0,9.0,8,464.75,web
4336,1497,2026-06-01,74.0,36.0,3,70.07,store
4337,713,2026-06-01,23.0,33.0,7,392.83,web
4338,534,2026-06-01,63.0,50.0,3,361.87,store
4339,1340,2026-06-01,40.0,40.0,6,122.69,web
4340,739,2026-06-01,100.0,14.0,10,45.0,mobile
4341,461,2026-06-01,18.0,35.0,6,544.0,web
4342,144,2026-06-01,93.0,22.0,7,57.33,mobile
4343,1353,2026-06-01,31.0,50.0,6,389.42,mobile
4344,1431,2026-06-01,14.0,46.0,6,144.99,web
4345,421,2026-06-01,1.0,30.0,7,357.97,mobile
4346,254,2026-06-01,34.0,25.0,3,542.78,store
4347,1174,2026-06-01,99.0,19.0,2,565.66,mobile
4348,561,2026-06-01,83.0,26.0,6,41.81,store
4349,1073,2026-06-01,51.0,39.0,5,443.39,store
4350,1002,2026-06-01,44.0,15.0,5,112.06,mobile
4351,1253,2026-06-01,26.0,42.0,2,411.11,mobile
4352,362,2026-06-01,44.0,9.0,9,517.48,mobile
4353,864,2026-06-01,59.0,9.0,4,520.2,mobile
4354,1033,2026-06-01,47.0,22.0,8,66.51,web
4355,826,2026-06-01,58.0,50.0,9,341.48,web
4356,262,2026-06-01,98.0,46.0,2,140.26,mobile
4357,1015,2026-06-01,85.0,47.0,1,373.44,store
4358,1303,2026-06-01,91.0,16.0,2,11.1,web
4359,1350,2026-06-01,53.0,25.0,9,523.14,web
4360,73,2026-06-01,4.0,10.0,5,488.89,web
4361,1596,2026-06-01,34.0,16.0,1,11.31,web
4362,289,2026-06-01,99.0,10.0,4,463.12,store
4363,1216,2026-06-01,44.0,29.0,5,750.49,store
4364,898,2026-06-01,8.0,21.0,5,156.02,store
4365,10,2026-06-01,82.0,15.0,3,87.02,store
4366,1339,2026-06-01,69.0,7.0,3,78.0,mobile
4367,337,2026-06-01,90.0,26.0,10,32.71,mobile
4368,924,2026-06-01,19.0,47.0,1,405.95,store
4369,588,2026-06-01,34.0,20.0,6,405.84,mobile
4370,837,2026-06-01,31.0,47.0,2,380.97,web
4371,63,2026-06-01,8.0,32.0,3,220.29,store
4372,102,2026-06-01,51.0,27.0,10,613.02,store
4373,237,2026-06-01,30.0,4.0,6,639.33,store
4374,12,2026-06-01,86.0,30.0,7,381.06,mobile
4375,1203,2026-06-01,4.0,26.0,-9,39.3,store
4376,382,2026-06-01,37.0,26.0,6,36.3,web
4377,434,2026-06-01,68.0,24.0,6,575.6,store
4378,1,2026-06-01,66.0,43.0,9,432.43,mobile
4379,1030,2026-06-01,67.0,11.0,10,248.64,web
4380,358,2026-06-01,81.0,24.0,8,552.29,store
4381,1253,2026-06-01,84.0,3.0,2,273.23,web
4382,1529,2026-06-01,88.0,40.0,9,108.28,mobile
4383,886,2026-06-01,39.0,32.0,8,182.44,web
4384,1201,2026-06-01,39.0,34.0,5,301.65,mobile
4385,795,2026-06-01,1.0,5.0,9,489.15,mobile
4386,1461,2026-06-01,67.0,25.0,8,564.88,store
4387,441,2026-06-01,87.0,6.0,8,435.68,store
4388,2,2026-06-01,79.0,21.0,10,140.43,web
4389,941,2026-06-01,55.0,19.0,10,568.18,store
4390,1418,2026-06-01,60.0,2.0,9,336.93,store
4391,1135,2026-06-01,94.0,19.0,5,546.9,web
4392,335,2026-06-01,74.0,27.0,8,499.05,store
4393,1662,2026-06-01,83.0,6.0,6,420.69,web
4394,203,2026-06-01,75.0,40.0,9,106.74,store
4395,1452,2026-06-01,54.0,9.0,8,486.83,mobile
4396,1458,2026-06-01,33.0,49.0,9,54.12,web
4397,915,2026-06-01,78.0,8.0,5,182.58,web
4398,603,2026-06-01,11.0,33.0,8,413.97,mobile
4399,1124,2026-06-01,78.0,48.0,9,476.85,web
4400,155,2026-06-01,18.0,39.0,2,506.73,store
4401,1171,2026-06-01,6.0,45.0,5,414.66,mobile
4402,356,2026-06-01,97.0,27.0,3,629.3,store
4403,799,2026-06-01,57.0,13.0,6,484.55,store
4404,624,2026-06-01,63.0,17.0,4,477.27,mobile
4405,1540,2026-06-01,9.0,39.0,2,522.3,mobile
4406,229,2026-06-01,31.0,14.0,10,40.58,mobile
4407,284,2026-06-01,51.0,38.0,9,304.27,store
4408,102,2026-06-01,10.0,40.0,6,120.93,store
4409,938,2026-06-01,77.0,19.0,10,504.24,web
4410,956,2026-06-01,30.0,17.0,10,433.74,web
4411,472,2026-06-01,5.0,7.0,3,74.13,mobile
4412,862,2026-06-01,77.0,12.0,10,469.34,store
4413,1515,2026-06-01,30.0,15.0,1,91.92,mobile
4414,1534,2026-06-01,68.0,33.0,7,456.33,web
4415,1304,2026-06-01,83.0,30.0,1,360.73,web
4416,882,2026-06-01,72.0,49.0,5,51.73,store
4417,189,2026-06-01,48.0,19.0,1,535.36,web
4418,384,2026-06-01,84.0,14.0,7,48.59,store
4419,316,2026-06-01,81.0,49.0,4,46.49,mobile
4420,1085,2026-06-01,14.0,50.0,5,357.69,mobile
4421,977,2026-06-01,59.0,46.0,5,130.74,web
4422,1122,2026-06-01,41.0,35.0,3,469.6,store
4423,883,2026-06-01,42.0,42.0,6,351.74,web
4424,354,2026-06-01,85.0,22.0,1,59.96,mobile
4425,1351,2026-06-01,8.0,10.0,2,527.51,web
4426,846,2026-06-01,50.0,45.0,-2,421.06,web
4427,657,2026-06-01,75.0,29.0,5,777.86,store
4428,128,2026-06-01,1.0,50.0,4,395.71,store
4429,1591,2026-06-01,99.0,20.0,3,393.47,web
4430,1307,2026-06-01,63.0,45.0,5,380.23,web
4431,72,2026-06-01,87.0,45.0,7,493.44,web
4432,699,2026-06-01,76.0,13.0,10,416.03,web
4433,1195,2026-06-01,32.0,7.0,4,69.34,web
4434,1636,2026-06-01,14.0,13.0,7,446.01,web
4435,939,2026-06-01,87.0,3.0,1,224.95,mobile
4436,1091,2026-06-01,16.0,28.0,1,508.82,store
4437,216,2026-06-01,11.0,8.0,8,167.88,web
4438,471,2026-06-01,54.0,36.0,10,56.5,web
4439,1485,2026-06-01,62.0,24.0,8,572.23,store
4440,726,2026-06-01,7.0,5.0,1,449.0,mobile
4441,996,2026-06-01,79.0,27.0,2,608.88,store
4442,321,2026-06-01,,30.0,4,390.75,mobile
4443,115,2026-06-01,54.0,33.0,5,386.82,web
4444,904,2026-06-01,86.0,20.0,3,449.99,mobile
4445,1414,2026-06-01,93.0,6.0,4,460.62,store
4446,788,2026-06-01,87.0,32.0,4,218.32,store
4447,780,2026-06-01,44.0,3.0,4,245.67,mobile
4448,1591,2026-06-01,50.0,32.0,1,200.84,store
4449,206,2026-06-01,22.0,28.0,4,492.01,store
4450,609,2026-06-01,50.0,3.0,4,266.12,store
4451,1167,2026-06-01,33.0,17.0,6,426.07,store
4452,1119,2026-06-01,78.0,20.0,8,451.18,mobile
4453,902,2026-06-01,73.0,31.0,10,24.75,web
4454,1148,2026-06-01,78.0,38.0,3,328.04,mobile
4455,644,2026-06-01,18.0,10.0,6,547.2,web
4456,1196,2026-06-01,100.0,25.0,9,579.88,mobile
4457,327,2026-06-01,7.0,8.0,4,182.07,mobile
4458,326,2026-06-01,29.0,23.0,4,436.46,web
4459,511,2026-06-01,18.0,50.0,4,395.32,web
4460,795,2026-06-01,79.0,15.0,6,103.08,store
4461,414,2026-06-01,18.0,34.0,3,316.19,store
4462,282,2026-06-01,51.0,37.0,5,470.47,store
4463,969,2026-06-01,30.0,43.0,7,386.21,web
4464,1542,2026-06-01,59.0,23.0,8,384.7,store
4465,226,2026-06-01,81.0,40.0,4,101.26,web
4466,958,2026-06-01,51.0,2.0,9,301.36,web
4467,1443,2026-06-01,11.0,16.0,4,10.37,web
4468,451,2026-06-01,19.0,5.0,1,539.63,mobile
4469,731,2026-06-01,11.0,21.0,10,159.27,mobile
4470,295,2026-06-01,98.0,3.0,6,224.85,mobile
4471,95,2026-06-01,11.0,31.0,3,25.21,store
4472,719,2026-06-01,14.0,24.0,7,490.88,store
4473,134,2026-06-01,81.0,12.0,9,479.8,web
4474,1341,2026-06-01,100.0,47.0,10,362.33,web
4475,775,2026-06-01,70.0,33.0,10,447.02,mobile
4476,597,2026-06-01,46.0,45.0,9,472.45,web
4477,466,2026-06-01,96.0,26.0,9,37.78,web
4478,673,2026-06-01,45.0,10.0,1,441.0,mobile
4479,1567,2026-06-01,38.0,16.0,1,12.67,store
4480,127,2026-06-01,70.0,,3,250.62,web
4481,1077,2026-06-01,69.0,5.0,3,447.88,store
4482,427,2026-06-01,49.0,10.0,9,465.37,store
4483,93,2026-06-01,17.0,12.0,9,502.82,web
4484,475,2026-06-01,68.0,,7,32.93,store
4485,48,2026-06-01,95.0,13.0,6,486.53,store
4486,467,2026-06-01,45.0,41.0,2,412.74,store
4487,89,2026-06-01,61.0,16.0,6,10.36,web
4488,310,2026-06-01,70.0,14.0,3,43.4,mobile
4489,343,2026-06-01,1.0,41.0,2,412.71,web
4490,968,2026-06-01,2.0,36.0,1,69.05,web
4491,182,2026-06-01,74.0,1.0,8,98.15,store
4492,1455,2026-06-01,33.0,7.0,8,74.19,mobile
4493,566,2026-06-01,41.0,15.0,8,111.2,web
4494,562,2026-06-01,48.0,6.0,9,379.41,mobile
4495,109,2026-06-01,7.0,29.0,2,650.13,store
4496,547,2026-06-01,3.0,7.0,9,71.29,store
4497,548,2026-06-01,91.0,2.0,7,334.27,store
4498,407,2026-06-01,77.0,31.0,6,25.26,mobile
4499,593,2026-06-01,79.0,14.0,2,51.49,web
4500,364,2026-06-01,24.0,44.0,5,486.28,web
4501,1256,2026-06-01,62.0,46.0,5,127.94,mobile
4502,1549,2026-06-01,54.0,27.0,10,512.04,mobile
4503,1415,2026-06-01,15.0,36.0,-4,64.25,mobile
4504,883,2026-06-01,90.0,33.0,10,441.96,mobile
4505,286,2026-06-01,5.0,16.0,1,11.47,store
4506,689,2026-06-01,19.0,43.0,6,450.5,web
4507,1395,2026-06-01,9.0,42.0,1,331.14,store
4508,1541,2026-06-01,18.0,49.0,7,46.97,web
4509,1544,2026-06-01,30.0,2.0,6,302.46,web
4510,565,2026-06-01,16.0,40.0,10,112.75,store
4511,17,2026-06-01,62.0,30.0,3,385.85,web
4512,167,2026-06-01,86.0,48.0,-6,494.8,store
4513,395,2026-06-01,74.0,29.0,10,813.81,web
4514,951,2026-06-01,30.0,2.0,8,308.12,store
4515,1123,2026-06-01,97.0,38.0,8,266.13,web
4516,920,2026-06-01,61.0,35.0,10,484.42,mobile
4517,1268,2026-06-01,30.0,49.0,9,45.38,store
4518,1323,2026-06-01,45.0,22.0,4,66.71,web
4519,515,2026-06-01,50.0,20.0,1,482.48,mobile
4520,1080,2026-06-01,92.0,11.0,6,272.39,mobile
4521,74,2026-06-01,2.0,28.0,6,505.98,web
4522,1496,2026-06-01,65.0,6.0,10,359.91,store
4523,1270,2026-06-01,8.0,26.0,4,35.28,store
4524,1044,2026-06-01,42.0,22.0,3,55.56,store
4525,186,2026-06-01,78.0,40.0,5,120.94,mobile
4526,1545,2026-06-01,52.0,24.0,3,587.74,mobile
4527,738,2026-06-01,13.0,41.0,3,388.56,web
4528,1000,2026-06-01,69.0,48.0,3,447.53,mobile
4529,299,2026-06-01,53.0,13.0,5,444.75,store
4530,328,2026-06-01,12.0,17.0,1,463.7,web
4531,490,2026-06-01,25.0,18.0,4,12.22,web
4532,1469,2026-06-01,4.0,18.0,6,11.71,store
4533,55,2026-06-01,44.0,28.0,8,485.95,web
4534,1418,2026-06-01,81.0,15.0,9,102.3,mobile
4535,796,2026-06-01,57.0,12.0,8,443.64,web
4536,879,2026-06-01,82.0,38.0,6,319.19,store
4537,474,2026-06-01,11.0,30.0,10,421.32,mobile
4538,951,2026-06-01,47.0,50.0,4,382.7,store
4539,1576,2026-06-01,2.0,17.0,6,469.56,web
4540,1186,2026-06-01,74.0,18.0,4,13.07,mobile
4541,1220,2026-06-01,95.0,36.0,7,63.29,mobile
4542,1338,2026-06-01,98.0,35.0,-2,495.03,store
4543,673,2026-06-01,86.0,49.0,7,48.64,web
4544,1419,2026-06-01,5.0,40.0,10,109.42,mobile
4545,902,2026-06-01,60.0,21.0,8,153.2,store
4546,125,2026-06-01,67.0,21.0,2,171.03,mobile
4547,753,2026-06-01,48.0,18.0,7,12.21,store
4548,1393,2026-06-01,40.0,27.0,8,562.8,mobile
4549,1650,2026-06-01,46.0,28.0,2,527.88,mobile
4550,1460,2026-06-01,88.0,31.0,1,22.79,store
4551,1238,2026-06-01,23.0,35.0,2,586.18,store
4552,1103,2026-06-01,94.0,11.0,10,285.05,web
4553,1268,2026-06-01,66.0,39.0,2,529.69,store
4554,1532,2026-06-01,26.0,11.0,9,218.83,store
4555,1247,2026-06-01,10.0,33.0,7,417.11,web
4556,684,2026-06-01,26.0,1.0,3,98.53,mobile
4557,227,2026-06-01,47.0,28.0,10,541.56,web
4558,1116,2026-06-01,36.0,20.0,4,438.81,mobile
4559,1484,2026-06-01,68.0,8.0,6,165.35,web
4560,1420,2026-06-01,86.0,17.0,9,493.12,web
4561,266,2026-06-01,56.0,12.0,10,572.98,web
4562,529,2026-06-01,75.0,4.0,9,625.13,store
4563,637,2026-06-01,61.0,35.0,9,546.77,mobile
4564,1348,2026-06-01,17.0,39.0,8,542.9,mobile
4565,1538,2026-06-01,29.0,40.0,4,97.96,web
4566,839,2026-06-01,20.0,30.0,6,410.58,mobile
4567,1121,2026-06-01,3.0,18.0,7,11.92,mobile
4568,1400,2026-06-01,84.0,22.0,6,58.07,mobile
4569,562,2026-06-01,87.0,29.0,9,722.57,mobile
4570,421,2026-06-01,16.0,38.0,2,262.91,store
4571,1592,2026-06-01,36.0,38.0,5,254.96,web
4572,833,2026-06-01,41.0,27.0,5,631.38,mobile
4573,314,2026-06-01,92.0,49.0,8,44.29,mobile
4574,1534,2026-06-01,92.0,8.0,8,171.92,store
4575,761,2026-06-01,5.0,42.0,4,404.9,web
4576,822,2026-06-01,42.0,18.0,3,13.16,web
4577,1020,2026-06-01,69.0,16.0,3,11.71,store
4578,293,2026-06-01,27.0,29.0,5,756.49,mobile
4579,1289,2026-06-01,74.0,13.0,3,456.31,web
4580,366,2026-06-01,43.0,16.0,10,12.96,store
4581,1110,2026-06-01,72.0,21.0,7,161.51,web
4582,1176,2026-06-01,62.0,49.0,2,47.61,mobile
4583,1136,2026-06-01,42.0,50.0,10,360.72,store
4584,600,2026-06-01,60.0,32.0,5,215.55,mobile
4585,1,2026-06-01,70.0,34.0,7,318.51,mobile
4586,1603,2026-06-01,46.0,35.0,5,490.23,store
4587,521,2026-06-01,29.0,36.0,6,60.19,store
4588,291,2026-06-01,4.0,4.0,8,601.7,store
4589,1431,2026-06-01,60.0,27.0,2,565.94,mobile
4590,802,2026-06-01,34.0,16.0,9,12.18,web
4591,1517,2026-06-01,9.0,21.0,7,140.33,store
4592,1384,2026-06-01,73.0,26.0,8,33.68,web
4593,1651,2026-06-01,90.0,35.0,4,581.27,mobile
4594,1576,2026-06-01,92.0,49.0,2,55.6,mobile
4595,1505,2026-06-01,22.0,10.0,7,553.22,mobile
4596,945,2026-06-01,22.0,41.0,8,393.53,mobile
4597,1649,2026-06-01,51.0,1.0,3,98.46,web
4598,209,2026-06-01,43.0,18.0,3,10.18,web
4599,479,2026-06-01,64.0,24.0,10,571.9,store
4600,1031,2026-06-01,88.0,10.0,9,459.83,store
4601,306,2026-06-01,24.0,36.0,5,66.34,mobile
4602,393,2026-06-01,64.0,15.0,3,88.49,web
4603,351,2026-06-01,94.0,5.0,2,497.93,mobile
4604,938,2026-06-01,36.0,8.0,1,144.81,web
4605,1384,2026-06-01,11.0,49.0,4,51.88,web
4606,153,2026-06-01,34.0,26.0,10,34.95,web
4607,956,2026-06-01,85.0,22.0,4,62.52,mobile
4608,801,2026-06-01,9.0,36.0,9,54.59,mobile
4609,376,2026-06-01,66.0,14.0,5,50.71,web
4610,166,2026-06-01,68.0,1.0,9,96.8,mobile
4611,1163,2026-06-01,76.0,14.0,2,44.69,store
4612,454,2026-06-01,19.0,38.0,4,259.27,web
4613,1106,2026-06-01,6.0,15.0,2,105.28,store
4614,951,2026-06-01,92.0,22.0,6,60.57,store
4615,386,2026-06-01,69.0,43.0,4,385.65,store
4616,1443,2026-06-01,24.0,39.0,2,541.18,web
4617,1504,2026-06-01,58.0,13.0,5,416.49,web
4618,1585,2026-06-01,70.0,6.0,3,414.85,mobile
4619,535,2026-06-01,27.0,49.0,8,47.87,store
4620,361,2026-06-01,71.0,15.0,7,91.85,mobile
4621,769,2026-06-01,92.0,16.0,6,12.89,web
4622,879,2026-06-01,66.0,9.0,2,465.78,web
4623,1659,2026-06-01,32.0,5.0,4,421.01,store
4624,173,2026-06-01,93.0,49.0,4,56.19,store
4625,495,2026-06-01,22.0,24.0,-5,508.19,store
4626,1450,2026-06-01,22.0,9.0,2,475.65,store
4627,1271,2026-06-01,32.0,32.0,6,207.28,mobile
4628,691,2026-06-01,53.0,15.0,6,107.78,mobile
4629,1427,2026-06-01,21.0,41.0,2,363.57,web
4630,221,2026-06-01,13.0,46.0,-3,141.04,web
4631,552,2026-06-01,7.0,43.0,10,423.04,mobile
4632,807,2026-06-01,73.0,8.0,3,161.4,web
4633,1606,2026-06-01,78.0,28.0,2,605.3,web
4634,1609,2026-06-01,83.0,49.0,1,45.33,store
4635,241,2026-06-01,11.0,46.0,6,143.66,web
4636,10,2026-06-01,78.0,19.0,3,478.32,mobile
4637,1045,2026-06-01,2.0,37.0,9,474.87,store
4638,1493,2026-06-01,43.0,27.0,7,547.59,mobile
4639,1292,2026-06-01,33.0,14.0,2,47.71,web
4640,1380,2026-06-01,43.0,10.0,4,495.63,store
4641,182,2026-06-01,2.0,31.0,1,24.86,mobile
4642,1123,2026-06-01,8.0,15.0,9,89.23,store
4643,909,2026-06-01,63.0,24.0,8,521.5,store
4644,113,2026-06-01,65.0,24.0,2,551.2,mobile
4645,1468,2026-06-01,29.0,46.0,7,116.49,web
4646,195,2026-06-01,68.0,42.0,3,321.57,mobile
4647,314,2026-06-01,9.0,39.0,9,453.33,store
4648,114,2026-06-01,19.0,24.0,4,609.97,web
4649,500,2026-06-01,69.0,21.0,10,138.9,web
4650,875,2026-06-01,12.0,30.0,5,410.29,store
4651,1439,2026-06-01,83.0,2.0,8,275.64,mobile
4652,428,2026-06-01,47.0,28.0,2,565.1,store
4653,1420,2026-06-01,26.0,12.0,3,515.15,web
4654,506,2026-06-01,87.0,20.0,10,500.47,mobile
4655,1363,2026-06-01,23.0,2.0,3,275.93,store
4656,892,2026-06-01,85.0,5.0,6,465.91,store
4657,947,2026-06-01,30.0,32.0,3,191.56,mobile
4658,95,2026-06-01,94.0,4.0,9,713.07,web
4659,1188,2026-06-01,63.0,47.0,3,400.1,web
4660,1043,2026-06-01,76.0,20.0,2,468.4,store
4661,663,2026-06-01,81.0,11.0,9,275.61,store
4662,1534,2026-06-01,32.0,36.0,3,54.27,mobile
4663,872,2026-06-01,66.0,1.0,8,96.75,web
4664,1223,2026-06-01,71.0,25.0,10,454.17,web
4665,838,2026-06-01,75.0,28.0,7,611.22,web
4666,902,2026-06-01,91.0,44.0,9,399.27,store
4667,1589,2026-06-01,24.0,37.0,8,525.84,store
4668,22,2026-06-01,79.0,44.0,5,456.64,web
4669,973,2026-06-01,73.0,35.0,8,559.89,store
4670,419,2026-06-01,54.0,10.0,6,522.44,store
4671,235,2026-06-01,65.0,43.0,2,386.96,store
4672,119,2026-06-01,26.0,22.0,9,57.21,store
4673,830,2026-06-01,2.0,20.0,8,430.89,web
4674,1277,2026-06-01,95.0,41.0,7,360.04,store
4675,102,2026-06-01,7.0,46.0,7,118.23,store
4676,936,2026-06-01,58.0,5.0,10,543.81,mobile
4677,1501,2026-06-01,67.0,48.0,6,458.26,store
4678,224,2026-06-01,45.0,25.0,3,571.83,store
4679,578,2026-06-01,84.0,25.0,2,548.77,store
4680,597,2026-06-01,29.0,4.0,1,591.09,web
4681,1290,2026-06-01,63.0,6.0,4,381.51,mobile
4682,780,2026-06-01,72.0,1.0,2,100.17,web
4683,1477,2026-06-01,59.0,49.0,10,52.58,store
4684,1268,2026-06-01,57.0,29.0,6,671.96,store
4685,54,2026-06-01,62.0,10.0,6,552.8,store
4686,155,2026-06-01,20.0,30.0,6,358.84,web
4687,1619,2026-06-01,20.0,38.0,10,325.79,store
4688,1337,2026-06-01,68.0,12.0,7,568.55,store
4689,1548,2026-06-01,97.0,45.0,7,393.9,web
4690,1018,2026-06-01,36.0,44.0,1,419.21,mobile
4691,187,2026-06-01,55.0,44.0,3,475.08,web
4692,508,2026-06-01,61.0,20.0,10,461.24,store
4693,502,2026-06-01,70.0,35.0,6,557.7,mobile
4694,151,2026-06-01,20.0,12.0,7,527.03,store
4695,1246,2026-06-01,38.0,12.0,3,564.06,web
4696,321,2026-06-01,77.0,41.0,9,434.69,web
4697,156,2026-06-01,17.0,46.0,5,126.03,web
4698,1370,2026-06-01,34.0,36.0,10,65.89,web
4699,1397,2026-06-01,5.0,42.0,5,342.47,web
4700,786,2026-06-01,95.0,14.0,7,46.9,web
4701,269,2026-06-01,100.0,4.0,1,653.11,store
4702,1465,2026-06-01,18.0,13.0,8,423.32,web
4703,133,2026-06-01,18.0,26.0,4,38.05,store
4704,864,2026-06-01,21.0,5.0,2,527.2,mobile
4705,208,2026-06-01,71.0,45.0,4,461.68,mobile
4706,723,2026-06-01,38.0,6.0,10,396.87,mobile
4707,1138,2026-06-01,77.0,50.0,7,332.88,mobile
4708,1547,2026-06-01,47.0,10.0,6,507.68,web
4709,229,2026-06-01,92.0,45.0,5,489.92,web
4710,272,2026-06-01,90.0,45.0,6,429.75,mobile
4711,348,2026-06-01,55.0,31.0,4,21.82,web
4712,1135,2026-06-01,38.0,9.0,7,489.04,store
4713,745,2026-06-01,43.0,46.0,1,117.22,mobile
4714,1228,2026-06-01,59.0,22.0,8,57.79,store
4715,498,2026-06-01,80.0,30.0,3,400.48,web
4716,1102,2026-06-01,64.0,23.0,1,433.26,store
4717,1400,2026-06-01,1.0,26.0,6,38.25,store
4718,942,2026-06-01,32.0,10.0,8,484.49,web
4719,18,2026-06-01,12.0,45.0,1,399.8,mobile
4720,500,2026-06-01,5.0,45.0,-3,453.29,web
4721,617,2026-06-01,33.0,45.0,10,437.33,web
4722,1322,2026-06-01,8.0,16.0,5,11.39,mobile
4723,200,2026-06-01,16.0,37.0,1,506.28,mobile
4724,630,2026-06-01,29.0,13.0,2,445.67,mobile
4725,653,2026-06-01,10.0,42.0,7,397.66,store
4726,50,2026-06-01,60.0,43.0,9,386.09,store
4727,18,2026-06-01,66.0,31.0,7,21.99,mobile
4728,1057,2026-06-01,50.0,5.0,5,522.2,store
4729,100,2026-06-01,31.0,45.0,8,464.88,store
4730,329,2026-06-01,85.0,30.0,4,390.7,mobile
4731,9,2026-06-01,28.0,26.0,8,38.46,store
4732,35,2026-06-01,57.0,5.0,1,430.56,web
4733,1170,2026-06-01,79.0,1.0,6,89.44,store
4734,971,2026-06-01,17.0,15.0,2,110.71,store
4735,150,2026-06-01,24.0,46.0,7,142.45,web
4736,51,2026-06-01,19.0,35.0,8,473.56,store
4737,1022,2026-06-01,,36.0,5,66.74,web
4738,1194,2026-06-01,57.0,11.0,1,261.77,mobile
4739,942,2026-06-01,46.0,30.0,10,329.84,mobile
4740,615,2026-06-01,92.0,20.0,1,492.04,mobile
4741,228,2026-06-01,11.0,19.0,4,444.39,store
4742,653,2026-06-01,74.0,17.0,9,472.01,web
4743,217,2026-06-01,61.0,18.0,3,11.74,web
4744,822,2026-06-01,7.0,30.0,1,346.44,web
4745,1006,2026-06-01,99.0,9.0,5,481.57,web
4746,892,2026-06-01,3.0,14.0,7,45.04,web
4747,582,2026-06-01,41.0,21.0,6,142.24,web
4748,404,2026-06-01,5.0,2.0,4,312.54,web
4749,1322,2026-06-01,44.0,48.0,8,509.01,web
4750,712,2026-06-01,86.0,5.0,8,507.55,store
4751,1051,2026-06-01,41.0,13.0,6,521.46,web
4752,1266,2026-06-01,23.0,24.0,2,481.85,mobile
4753,1090,2026-06-01,5.0,8.0,9,156.84,store
4754,29,2026-06-01,91.0,21.0,10,165.52,mobile
4755,1181,2026-06-01,34.0,38.0,3,286.69,mobile
4756,789,2026-06-01,13.0,9.0,9,477.85,web
4757,1367,2026-06-01,24.0,1.0,7,100.53,web
4758,743,2026-06-01,65.0,11.0,7,269.4,web
4759,1246,2026-06-01,35.0,38.0,10,323.4,web
4760,597,2026-06-01,68.0,17.0,7,453.87,mobile
4761,1166,2026-06-01,42.0,4.0,8,569.35,store
4762,1467,2026-06-01,53.0,2.0,10,294.25,store
4763,1192,2026-06-01,30.0,32.0,7,198.75,store
4764,860,2026-06-01,50.0,10.0,7,522.93,mobile
4765,684,2026-06-01,60.0,1.0,10,88.34,web
4766,757,2026-06-01,43.0,28.0,9,620.39,store
4767,959,2026-06-01,23.0,24.0,5,585.39,store
4768,1245,2026-06-01,64.0,14.0,4,43.96,store
4769,687,2026-06-01,42.0,18.0,5,11.49,mobile
4770,321,2026-06-01,80.0,30.0,4,382.22,mobile
4771,643,2026-06-01,19.0,25.0,8,493.76,store
4772,1267,2026-06-01,90.0,18.0,2,13.08,mobile
4773,1417,2026-06-01,65.0,1.0,9,101.32,web
4774,500,2026-06-01,71.0,48.0,6,518.68,mobile
4775,1562,2026-06-01,54.0,25.0,5,474.94,store
4776,1311,2026-06-01,84.0,42.0,8,329.76,store
4777,967,2026-06-01,68.0,1.0,6,97.96,store
4778,1531,2026-06-01,54.0,28.0,6,607.82,web
4779,1193,2026-06-01,71.0,5.0,3,518.57,web
4780,570,2026-06-01,18.0,4.0,5,687.6,web
4781,630,2026-06-01,64.0,49.0,8,52.18,mobile
4782,142,2026-06-01,17.0,20.0,7,457.71,store
4783,764,2026-06-01,90.0,19.0,3,544.23,web
4784,242,2026-06-01,75.0,18.0,4,0.0,mobile
4785,1272,2026-06-01,86.0,41.0,6,359.33,store
4786,308,2026-06-01,36.0,3.0,8,240.84,store
4787,1462,2026-06-01,88.0,17.0,1,511.08,store
4788,990,2026-06-01,11.0,33.0,3,368.44,mobile
4789,990,2026-06-01,98.0,37.0,2,541.36,web
4790,1200,2026-06-01,10.0,35.0,6,535.34,mobile
4791,107,2026-06-01,18.0,29.0,1,815.7,mobile
4792,528,2026-06-01,9.0,33.0,10,367.84,web
4793,460,2026-06-01,40.0,27.0,3,497.63,mobile
4794,246,2026-06-01,41.0,22.0,6,68.74,web
4795,418,2026-06-01,19.0,41.0,10,358.4,web
4796,843,2026-06-01,13.0,1.0,1,102.08,mobile
4797,1151,2026-06-01,29.0,9.0,9,487.18,web
4798,702,2026-06-01,95.0,36.0,7,70.07,store
4799,231,2026-06-01,24.0,44.0,2,500.48,web
4800,1376,2026-06-01,16.0,41.0,6,359.91,mobile
4801,884,2026-06-01,62.0,36.0,7,55.03,store
4802,340,2026-06-01,53.0,1.0,10,109.33,store
4803,1348,2026-06-01,37.0,16.0,4,10.36,web
4804,1483,2026-06-01,27.0,10.0,4,539.53,mobile
4805,1315,2026-06-01,18.0,44.0,2,488.99,web
4806,1175,2026-06-01,21.0,34.0,9,285.2,store
4807,439,2026-06-01,5.0,10.0,3,433.05,store
4808,585,2026-06-01,86.0,26.0,10,40.42,store
4809,860,2026-06-01,17.0,25.0,6,457.42,mobile
4810,1316,2026-06-01,41.0,36.0,6,62.11,mobile
4811,416,2026-06-01,34.0,31.0,9,24.85,store
4812,305,2026-06-01,95.0,36.0,4,58.62,mobile
4813,224,2026-06-01,80.0,13.0,-9,491.92,store
4814,703,2026-06-01,14.0,2.0,3,282.81,web
4815,1309,2026-06-01,84.0,30.0,4,396.5,store
4816,137,2026-06-01,96.0,25.0,1,464.08,web
4817,944,2026-06-01,78.0,11.0,4,237.69,web
4818,824,2026-06-01,76.0,37.0,9,448.48,web
4819,941,2026-06-01,87.0,5.0,6,547.13,store
4820,13,2026-06-01,36.0,31.0,8,22.03,web
4821,1324,2026-06-01,37.0,28.0,9,621.1,store
4822,688,2026-06-01,96.0,22.0,1,56.35,web
4823,706,2026-06-01,51.0,2.0,6,322.92,web
4824,1461,2026-06-01,87.0,45.0,9,475.45,web
4825,220,2026-06-01,25.0,30.0,1,410.4,mobile
4826,1496,2026-06-01,,40.0,9,120.16,mobile
4827,933,2026-06-01,43.0,30.0,9,335.89,web
4828,634,2026-06-01,80.0,43.0,8,357.81,store
4829,1644,2026-06-01,81.0,32.0,3,219.49,store
4830,1058,2026-06-01,5.0,15.0,8,96.04,store
4831,861,2026-06-01,61.0,29.0,2,706.17,mobile
4832,1487,2026-06-01,60.0,24.0,1,548.12,web
4833,1106,2026-06-01,4.0,7.0,6,75.09,store
4834,647,2026-06-01,11.0,20.0,9,429.24,web
4835,796,2026-06-01,22.0,22.0,1,68.1,mobile
4836,1397,2026-06-01,49.0,13.0,10,462.35,mobile
4837,53,2026-06-01,41.0,47.0,4,395.8,store
4838,328,2026-06-01,21.0,4.0,1,604.59,store
4839,93,2026-06-01,51.0,48.0,10,499.88,mobile
4840,194,2026-06-01,99.0,6.0,9,455.31,mobile
4841,602,2026-06-01,79.0,28.0,9,585.18,web
4842,967,2026-06-01,25.0,28.0,9,535.75,web
4843,1352,2026-06-01,86.0,15.0,9,90.12,store
4844,1163,2026-06-01,51.0,48.0,1,465.31,mobile
4845,529,2026-06-01,64.0,4.0,2,606.62,web
4846,662,2026-06-01,19.0,41.0,7,408.73,web
4847,796,2026-06-01,23.0,33.0,7,403.86,mobile
4848,21,2026-06-01,41.0,28.0,2,548.14,store
4849,637,2026-06-01,11.0,25.0,8,488.17,mobile
4850,775,2026-06-01,58.0,1.0,9,102.1,mobile
4851,1549,2026-06-01,31.0,2.0,3,345.87,web
4852,432,2026-06-01,64.0,21.0,2,157.82,mobile
4853,1261,2026-06-01,50.0,23.0,6,351.18,mobile
4854,152,2026-06-01,1.0,43.0,5,431.71,mobile
4855,1402,2026-06-01,29.0,28.0,1,572.64,mobile
4856,1116,2026-06-01,20.0,31.0,2,22.65,store
4857,943,2026-06-01,50.0,41.0,5,423.44,store
4858,681,2026-06-01,29.0,19.0,6,501.07,web
4859,1079,2026-06-01,13.0,48.0,6,497.85,store
4860,1511,2026-06-01,84.0,22.0,9,65.59,store
4861,1225,2026-06-01,3.0,42.0,10,369.87,mobile
4862,1083,2026-06-01,18.0,50.0,3,396.56,mobile
4863,510,2026-06-01,73.0,35.0,10,516.17,web
4864,1662,2026-06-01,97.0,25.0,5,526.46,web
4865,637,2026-06-01,5.0,16.0,6,12.8,mobile
4866,716,2026-06-01,46.0,4.0,2,593.87,mobile
4867,454,2026-06-01,35.0,30.0,3,397.61,mobile
4868,570,2026-06-01,27.0,3.0,6,269.39,web
4869,316,2026-06-01,84.0,24.0,4,603.92,web
4870,1193,2026-06-01,68.0,19.0,1,500.03,mobile
4871,827,2026-06-01,86.0,48.0,3,492.88,web
4872,855,2026-06-01,2.0,37.0,7,544.31,store
4873,245,2026-06-01,99.0,21.0,7,138.79,store
4874,703,2026-06-01,61.0,48.0,7,466.02,store
4875,1389,2026-06-01,22.0,46.0,7,132.66,store
4876,1567,2026-06-01,93.0,46.0,2,137.52,mobile
4877,88,2026-06-01,9.0,1.0,7,109.4,store
4878,1092,2026-06-01,8.0,48.0,4,476.21,web
4879,1638,2026-06-01,9.0,42.0,7,325.13,web
4880,1652,2026-06-01,66.0,50.0,1,349.67,web
4881,83,2026-06-01,24.0,5.0,7,435.37,web
4882,770,2026-06-01,74.0,22.0,8,65.57,web
4883,1666,2026-06-01,94.0,17.0,3,543.98,mobile
4884,316,2026-06-01,43.0,32.0,2,193.12,store
4885,1217,2026-06-01,96.0,30.0,2,401.78,web
4886,1367,2026-06-01,36.0,33.0,9,412.64,store
4887,345,2026-06-01,12.0,29.0,3,637.88,store
4888,674,2026-06-01,62.0,47.0,2,436.69,web
4889,670,2026-06-01,24.0,21.0,2,167.2,store
4890,989,2026-06-01,80.0,10.0,10,536.11,web
4891,220,2026-06-01,87.0,11.0,7,238.82,mobile
4892,907,2026-06-01,46.0,9.0,5,489.25,store
4893,32,2026-06-01,12.0,27.0,6,494.99,mobile
4894,579,2026-06-01,6.0,15.0,6,105.41,mobile
4895,1064,2026-06-01,92.0,22.0,6,61.05,mobile
4896,801,2026-06-01,69.0,21.0,6,162.25,mobile
4897,188,2026-06-01,40.0,9.0,7,489.49,store
4898,632,2026-06-01,15.0,37.0,7,511.42,store
4899,848,2026-06-01,19.0,25.0,9,475.1,mobile
4900,638,2026-06-01,12.0,10.0,2,511.05,web
4901,295,2026-06-01,31.0,7.0,10,64.74,mobile
4902,304,2026-06-01,50.0,8.0,6,162.37,web
4903,1537,2026-06-01,33.0,40.0,5,103.98,mobile
4904,854,2026-06-01,20.0,34.0,9,337.22,store
4905,511,2026-06-01,43.0,42.0,1,403.59,mobile
4906,1567,2026-06-01,3.0,6.0,8,377.15,mobile
4907,473,2026-06-01,53.0,23.0,8,391.3,mobile
4908,611,2026-06-01,15.0,20.0,6,444.92,web
4909,723,2026-06-01,8.0,50.0,2,318.41,store
4910,1220,2026-06-01,97.0,35.0,4,569.1,store
4911,1186,2026-06-01,94.0,23.0,7,346.36,web
4912,542,2026-06-01,78.0,22.0,7,66.31,web
4913,1200,2026-06-01,28.0,41.0,5,384.77,mobile
4914,981,2026-06-01,72.0,19.0,8,494.57,store
4915,935,2026-06-01,32.0,49.0,8,56.11,mobile
4916,1311,2026-06-01,65.0,10.0,5,558.91,store
4917,260,2026-06-01,26.0,18.0,9,12.67,mobile
4918,1444,2026-06-01,63.0,49.0,9,49.9,web
4919,985,2026-06-01,44.0,34.0,10,284.43,web
4920,1590,2026-06-01,91.0,33.0,2,437.03,web
4921,1144,2026-06-01,80.0,23.0,3,362.7,mobile
4922,147,2026-06-01,76.0,,5,48.51,mobile
4923,1289,2026-06-01,25.0,9.0,10,512.02,mobile
4924,194,2026-06-01,83.0,47.0,8,376.16,store
4925,940,2026-06-01,16.0,44.0,9,443.81,mobile
4926,1311,2026-06-01,22.0,33.0,3,0.0,mobile
4927,175,2026-06-01,64.0,6.0,9,356.04,web
4928,994,2026-06-01,68.0,18.0,3,11.81,store
4929,429,2026-06-01,93.0,33.0,5,430.1,web
4930,1569,2026-06-01,52.0,7.0,8,74.74,mobile
4931,58,2026-06-01,33.0,14.0,2,39.67,web
4932,1216,2026-06-01,23.0,26.0,5,41.22,web
4933,40,2026-06-01,62.0,41.0,1,358.83,store
4934,1002,2026-06-01,18.0,,6,706.17,store
4935,1007,2026-06-01,63.0,28.0,8,633.6,web
4936,958,2026-06-01,58.0,11.0,3,222.1,web
4937,1352,2026-06-01,5.0,17.0,1,464.94,store
4938,786,2026-06-01,100.0,50.0,1,335.85,mobile
4939,890,2026-06-01,70.0,8.0,4,175.39,web
4940,532,2026-06-01,45.0,15.0,1,89.6,mobile
4941,980,2026-06-01,93.0,12.0,1,504.06,web
4942,1311,2026-06-01,22.0,14.0,5,46.23,mobile
4943,174,2026-06-01,96.0,43.0,5,418.86,web
4944,1145,2026-06-01,61.0,46.0,3,138.09,web
4945,385,2026-06-01,13.0,39.0,8,539.97,mobile
4946,93,2026-06-01,76.0,49.0,9,-55.94,mobile
4947,1522,2026-06-01,38.0,31.0,7,28.2,web
4948,1081,2026-06-01,84.0,44.0,2,481.86,store
4949,1349,2026-06-01,16.0,4.0,3,578.68,web
4950,622,2026-06-01,84.0,36.0,2,58.45,mobile
4951,13,2026-06-01,90.0,36.0,5,59.82,store
4952,907,2026-06-01,62.0,18.0,8,10.3,mobile
4953,252,2026-06-01,2.0,48.0,6,435.04,store
4954,1401,2026-06-01,14.0,5.0,1,515.99,mobile
4955,1222,2026-06-01,33.0,19.0,5,488.26,web
4956,1517,2026-06-01,64.0,31.0,7,24.06,web
4957,377,2026-06-01,16.0,27.0,9,502.84,store
4958,669,2026-06-01,10.0,16.0,2,13.01,mobile
4959,359,2026-06-01,4.0,1.0,7,107.65,mobile
4960,533,2026-06-01,92.0,47.0,2,384.98,web
4961,596,2026-06-01,56.0,8.0,7,181.07,web
4962,1331,2026-06-01,58.0,30.0,1,410.55,web
4963,1427,2026-06-01,97.0,44.0,8,452.57,web
4964,1645,2026-06-01,22.0,1.0,9,88.38,mobile
4965,195,2026-06-01,99.0,41.0,8,343.89,store
4966,623,2026-06-01,57.0,43.0,5,386.96,web
4967,622,2026-06-01,20.0,18.0,8,13.03,store
4968,356,2026-06-01,18.0,18.0,7,10.82,web
4969,892,2026-06-01,12.0,13.0,5,479.75,mobile
4970,660,2026-06-01,54.0,10.0,7,530.59,web
4971,1252,2026-06-01,75.0,1.0,9,96.63,web
4972,196,2026-06-01,18.0,40.0,4,114.44,store
4973,666,2026-06-01,19.0,1.0,10,94.08,web
4974,253,2026-06-01,2.0,37.0,3,464.96,web
4975,1003,2026-06-01,87.0,12.0,10,511.11,store
4976,1492,2026-06-01,81.0,11.0,4,260.3,mobile
4977,508,2026-06-01,83.0,17.0,1,430.31,mobile
4978,684,2026-06-01,1.0,29.0,1,774.33,mobile
4979,46,2026-06-01,92.0,48.0,8,447.15,store
4980,1058,2026-06-01,46.0,25.0,10,502.45,store
4981,969,2026-06-01,12.0,33.0,1,442.99,web
4982,860,2026-06-01,92.0,12.0,7,464.07,web
4983,13,2026-06-01,38.0,39.0,5,429.94,mobile
4984,896,2026-06-01,27.0,19.0,10,532.32,mobile
4985,600,2026-06-01,4.0,40.0,1,99.92,web
4986,1060,2026-06-01,71.0,4.0,4,548.25,store
4987,421,2026-06-01,68.0,44.0,5,491.78,store
4988,1114,2026-06-01,14.0,31.0,5,24.44,store
4989,921,2026-06-01,4.0,31.0,6,23.18,store
4990,458,2026-06-01,57.0,36.0,6,58.01,mobile
4991,1488,2026-06-01,63.0,36.0,1,63.81,mobile
4992,1574,2026-06-01,35.0,35.0,7,575.43,store
4993,1299,2026-06-01,11.0,42.0,-2,330.93,web
4994,1552,2026-06-01,68.0,10.0,6,500.67,mobile
4995,252,2026-06-01,22.0,21.0,8,153.84,web
4996,288,2026-06-01,80.0,28.0,3,628.05,web
4997,113,2026-06-01,50.0,40.0,1,118.67,store
4998,1335,2026-06-01,27.0,10.0,2,558.05,mobile
4999,1260,2026-06-01,76.0,44.0,2,492.22,store
5000,1585,2026-06-01,37.0,19.0,10,564.76,mobile
1122,1226,2026-06-01,60.0,18.0,10,10.94,web
3922,736,2026-06-01,44.0,35.0,4,480.26,web
988,1579,2026-06-01,28.0,19.0,8,444.56,web
823,997,2026-06-01,1.0,30.0,3,333.66,web
3256,1341,2026-06-01,39.0,46.0,3,123.34,web
3521,210,2026-06-01,26.0,6.0,6,368.31,mobile
564,1620,2026-06-01,75.0,6.0,1,444.24,web
4643,909,2026-06-01,63.0,24.0,8,521.5,store
4892,907,2026-06-01,46.0,9.0,5,489.25,store
4490,968,2026-06-01,2.0,36.0,1,69.05,web
2645,778,2026-06-01,40.0,38.0,1,267.2,mobile
2290,1358,2026-06-01,38.0,13.0,1,424.17,store
523,1339,2026-06-01,29.0,15.0,3,105.18,store
1714,1124,2026-06-01,31.0,19.0,3,473.13,store
2792,366,2026-06-01,22.0,44.0,8,493.01,store
2468,1119,2026-06-01,2.0,12.0,7,449.11,web
1941,543,2026-06-01,76.0,45.0,1,480.76,mobile
1909,837,2026-06-01,71.0,9.0,2,477.81,store
3632,131,2026-06-01,71.0,20.0,-3,432.76,store
4,146,2026-06-01,49.0,29.0,4,812.32,mobile
3160,1308,2026-06-01,48.0,21.0,3,156.06,store
1942,450,2026-06-01,91.0,35.0,5,556.53,store
1520,1006,2026-06-01,52.0,47.0,8,407.76,mobile
3128,1410,2026-06-01,67.0,7.0,1,72.31,store
3093,936,2026-06-01,11.0,26.0,3,41.68,mobile
4465,226,2026-06-01,81.0,40.0,4,101.26,web
2667,234,2026-06-01,36.0,16.0,9,11.84,store
1415,1256,2026-06-01,25.0,47.0,7,421.59,store
1252,386,2026-06-01,92.0,17.0,6,450.64,web
2899,1548,2026-06-01,42.0,5.0,5,479.55,web
2191,523,2026-06-01,53.0,16.0,8,12.2,store
3664,1175,2026-06-01,52.0,7.0,1,66.73,store
1113,1371,2026-06-01,29.0,13.0,6,436.59,store
633,805,2026-06-01,52.0,32.0,7,205.94,mobile
2855,1503,2026-06-01,99.0,20.0,4,499.3,web
3265,1051,2026-06-01,78.0,38.0,5,288.79,mobile
3378,1093,2026-06-01,66.0,39.0,1,550.28,web
2322,1439,2026-06-01,49.0,45.0,8,482.88,web
4320,1636,2026-06-01,69.0,8.0,5,179.25,store
3793,169,2026-06-01,93.0,46.0,9,129.8,mobile
29,779,2026-06-01,55.0,15.0,6,99.4,store
4303,1097,2026-06-01,21.0,39.0,4,447.08,store
1417,1052,2026-06-01,70.0,28.0,10,498.82,mobile
1687,652,2026-06-01,51.0,32.0,3,232.06,mobile
1023,1495,2026-06-01,52.0,44.0,5,422.31,store
2160,237,2026-06-01,65.0,29.0,2,672.62,web
1638,1469,2026-06-01,32.0,42.0,8,329.93,web
1553,812,2026-06-01,44.0,35.0,2,496.21,store
2574,737,2026-06-01,74.0,23.0,1,0.0,store
621,763,2026-06-01,91.0,44.0,4,419.2,web
